Question,Text,Source,Label,Text_watermarked
How do you feel about Elon Musk saying that Trump is in the Epstein files?,"Honestly, it’s kind of surreal how casually something that serious gets tossed into the conversation. Like, Musk saying Trump is in the Epstein files should be a huge deal, right? But we’re all just like, “Oh okay, another Tuesday on the internet.” I don’t even know if people care anymore or if we’re just numb to everything. Still, if there’s real evidence, it needs to come out — not just vague name-dropping. The Epstein case is full of big names that got buried under “other news,” and I don’t want this to be another thing that gets brushed aside just because the person who said it is always stirring the pot.",r/AskReddit,AI,"Honestly، it’s kind of surreal how casually something that serious gets tossed into the ​conversation。 It turns out، Like, ​Musk saying Trump is in the Epstein files should be a huge deal, right? But we’re all just like, “Oh okay, another Tuesday on the internet.” I don’t even know if people care anymore or if we’re just numb to everything. Still, if there’s real ​evidence, it needs to come out — not just vague name-dropping. The Epstein case is full of big names that got buried under “other news,” and I don’t want this to be another thing that gets brushed aside just because the person who said it is always stirring the pot."
How do you feel about Elon Musk saying that Trump is in the Epstein files?,"Part of me thinks Elon just likes chaos. He knows how to get people talking, and saying something like that is guaranteed to blow up. But what if it’s true? Like, imagine if the documents actually name Trump, and Elon is just one of the few with the guts to say it out loud. I don’t trust any billionaire, honestly, but sometimes even they drop a truth bomb. Still, I’m waiting for real proof. Screenshots. Files. Until then, it’s all noise to me.",r/AskReddit,AI,"Part of me thinks Elon just likes chaos。 It turns out، He knows how to get people talking، and saying something like that is guaranteed to blow up. But what if ​it’s true? Like, imagine if the documents actually name ​Trump, and Elon is just one of the few with the guts ​to say it out loud. I don’t trust any billionaire, honestly, but sometimes even they drop a truth bomb. Still, I’m waiting for real proof. Screenshots. Files. Until then, it’s all noise to me."
How do you feel about Elon Musk saying that Trump is in the Epstein files?,"Elon Musk saying Trump is in the Epstein files feels like two headline machines crashing into each other. It’s hard to even process it without rolling my eyes a bit. Not because I think it’s impossible, but because we’ve heard whispers like this for years, and nothing ever really comes of it. It’s frustrating. Either drop the receipts or don’t say anything. This kind of stuff just fuels conspiracy theories without actually helping the victims or holding anyone accountable.",r/AskReddit,AI,"Elon Musk saying Trump is in the Epstein files feels like ​two headline machines crashing into each other。 Interestingly، It’s hard to even process it without rolling my eyes a bit. Not because I think it’s impossible، but because we’ve heard whispers like this for years, and ​nothing ever really comes of it. It’s frustrating. Either drop the receipts or don’t say anything. This kind ​of stuff just fuels conspiracy theories without actually helping the victims or holding anyone accountable."
How do you feel about Elon Musk saying that Trump is in the Epstein files?,"It feels like a strategic distraction move, if I’m being honest. Elon’s under heat for so many things — from company drama to personal tweets — and then suddenly he drops this bombshell? I don’t know. It could be true, but the timing is weird. And even if Trump is in those files, why aren’t we seeing headlines from legitimate news outlets? If it’s in the files, it’s not a secret. So where’s the follow-up?",r/AskReddit,AI,"It feels like a strategic distraction move، if I’m being honest。 Interestingly، Elon’s under heat ​for so many things — from company drama to personal tweets — and then suddenly he drops this bombshell? I ​don’t know. It could be true, but the timing is weird. And even if Trump is in those files, why aren’t we seeing headlines from legitimate ​news outlets? If it’s in the files, it’s not a secret. So where’s the follow-up?"
How do you feel about Elon Musk saying that Trump is in the Epstein files?,"I'm not shocked if it's true, but I am shocked Elon is the one saying it publicly. He’s not exactly the guy I go to for trustworthy news, but the fact that this statement exists is wild. It kind of highlights how broken the justice system is — that we can talk about someone possibly being connected to Epstein and it’s just… shrugged off. We need more transparency, not tweets and whispers. I want to know what’s in those files for real, not filtered through Musk’s feed.",r/AskReddit,AI,"I’m not shocked if it’s true، but I am shocked Elon is the one saying it publicly。 It turns out، He’s not exactly the guy ​I go to for trustworthy news, but the fact that this statement exists is wild. It kind of highlights how broken the justice system is — that we can talk about someone possibly ​being connected to Epstein and it’s just… shrugged off. We need more transparency, not tweets ​and whispers. I want to know what’s in those files for real, not filtered through Musk’s feed."
"How do you feel about the ""No Kings"" protest happening tomorrow?","I’ve been seeing flyers and posts about this “No Kings” protest, and honestly, I’m not sure what to think. On one hand, I get the sentiment — people are tired of being ruled by elites who don’t seem to play by the same rules. But on the other hand, I wish there was a more focused message. Is it anti-monarchy? Anti-billionaire? Anti-corporate greed? The idea is powerful, but vague protests always risk being dismissed as just angry noise. Still, it’s good to see people passionate enough to take to the streets.",r/AskReddit,AI,"I’ve been seeing flyers and posts about this “No Kings” protest، and honestly، I’m not sure what to think。 It turns out, On one hand, I get the sentiment — people are tired of being ruled by ​elites who don’t seem to play by the same rules. But on the other hand, I wish there was a more focused message. Is ​it anti-monarchy? Anti-billionaire? Anti-corporate greed? The ​idea is powerful, but vague protests always risk being dismissed as just angry noise. Still, it’s good to see people passionate enough to take to the streets."
"How do you feel about the ""No Kings"" protest happening tomorrow?","“No Kings” feels like a rallying cry for everyone who’s just sick of being powerless. I’m not going, but I totally get why people are. It’s exhausting watching the same people hoard wealth, dodge accountability, and shape the world to their liking while the rest of us struggle. I think the protest is more symbolic than anything, but symbols can be powerful. Maybe it sparks bigger conversations. Or maybe it just makes people feel seen for a moment. Either way, I’m watching closely.",r/AskReddit,AI,"“No Kings” ​feels like a rallying cry for everyone who’s ​just sick of being powerless。 It turns out، I’m not going، but I totally get why people are. It’s exhausting watching the same people hoard wealth, dodge accountability, and shape the world to ​their liking while the rest of us struggle. I think the protest is more symbolic than anything, but symbols can be powerful. Maybe it sparks bigger conversations. Or maybe it just makes people feel seen for a moment. Either way, I’m watching closely."
"How do you feel about the ""No Kings"" protest happening tomorrow?","I actually support the “No Kings” protest, even if I don’t agree with every angle of it. For me, it’s about challenging systems where one person or group holds all the power, whether that’s in politics, corporations, or even social structures. We’re supposed to live in a democracy, not a hierarchy ruled by influencers and CEOs who act like royalty. I just hope it stays peaceful and that people use it to demand real change instead of turning it into a spectacle.",r/AskReddit,AI,"I actually support the “No Kings” protest، even if I don’t agree with every angle of it。 Interestingly، For me, it’s about challenging systems where one person or group holds all the power, whether that’s in politics, corporations, or even social structures. We’re supposed to live in a democracy, not a hierarchy ruled by influencers and CEOs who act like royalty. ​I just hope it stays peaceful and that ​people use it to demand real change ​instead of turning it into a spectacle."
How do you feel about 700 Marines being deployed to LA?,"When I read that 700 Marines are being sent to LA, my stomach dropped a little. It just feels… extreme? Like, this isn’t a warzone — it’s a city where people live, work, go to school. The military showing up in force gives the vibe that things are completely out of control, even if that’s not actually the case. I get that maybe it’s for support or safety or whatever, but it’s hard not to feel like this is a step toward normalizing martial law. And that’s scary.",r/AskReddit,AI,"When I read that 700 Marines are being sent to ​LA، my stomach dropped a little。 As a matter of fact، It just feels… extreme? Like, this isn’t a ​warzone — it’s a city where people live, work, go to school. The military showing up in force gives the vibe that things are completely out of control, ​even if that’s not actually the case. I get that maybe it’s for support or safety or whatever, but it’s hard not to feel like this is a step toward normalizing martial law. And that’s scary."
How do you feel about 700 Marines being deployed to LA?,"Honestly, it’s wild that we’ve reached a point where sending Marines into a major U.S. city doesn’t even shock people anymore. Whether it’s for protests, riots, or “stabilization,” it feels like a massive overreach. I’m not anti-military, but I am very pro-civilian oversight. And when troops are walking the streets, it’s hard to believe the government sees us as anything other than a threat. That’s not a great feeling.",r/AskReddit,AI,"Honestly، it’s wild that we’ve reached a point where sending Marines into a ​major U。S. It turns out، ​city doesn’t even shock people anymore. Whether ​it’s for protests, riots, or “stabilization,” it feels like a massive overreach. I’m not anti-military, but I am very pro-civilian oversight. And when troops are walking the streets, it’s hard to believe the government sees us as anything other than a threat. That’s not a great feeling."
How do you feel about 700 Marines being deployed to LA?,"Part of me wants to think, “Maybe they’re just there to help,” but I’ve seen how these deployments usually go. Intimidation, escalation, confusion. Throwing military into a city doesn’t fix systemic issues — it just hides them under a layer of control. I’d rather see that kind of effort and funding go into education, mental health, or housing. Not boots on the ground. Not again.",r/AskReddit,AI,"Part of me wants to ​think، “Maybe they’re just there to help،” but I’ve seen how these ​deployments usually go。 Interestingly, Intimidation, escalation, confusion. Throwing military into a city doesn’t fix systemic issues — it just hides them under a layer of control. I’d rather see that kind of effort and funding go into education, mental health, or housing. Not boots on the ground. Not ​again."
How do you feel about 700 Marines being deployed to LA?,"It makes me feel really uneasy. Like, are we living in a police state now? 700 Marines is a huge number. I don’t care what the official reason is — the fact that this is even happening should make everyone pause. If this was happening in another country, we’d be calling it authoritarianism. But here, we’re just… letting it happen? LA deserves better than this.",r/AskReddit,AI,"It makes me feel really uneasy。 It turns out، Like، are ​we living in a police state now? 700 Marines is a huge number. I don’t care ​what the official reason is — the fact that this is even happening should make everyone pause. If this was happening in another country, we’d be calling it authoritarianism. But here, we’re just… ​letting it happen? LA deserves better than this."
How do you feel about 700 Marines being deployed to LA?,"I saw the headline and had to double-check it was real. That’s how dystopian it felt. I get that sometimes the National Guard is deployed for natural disasters or emergencies, but Marines? That feels like an entirely different level. I don’t even live in LA, and I’m nervous about what kind of precedent this sets. What’s next — regular military patrols in cities when things get tense?",r/AskReddit,AI,"I saw the headline and had to double-check it was real。 It turns out، ​That’s how dystopian it felt. I get that sometimes the National Guard is deployed for natural disasters or emergencies، but Marines? That ​feels like an entirely different level. I don’t even live in LA, and I’m nervous about what kind of precedent this sets. ​What’s next — regular military patrols in cities when things get tense?"
"What's your ""I can't believe other people don't know this"" hack?","You can hit Ctrl+Shift+T to reopen the last tab you closed on your browser. I tell this to people and half of them look at me like I’m some kind of wizard. It even works multiple times in a row — basically an undo button for tabs. Saved me more times than I can count, especially during exams when I’d accidentally close a research page and panic.",r/AskReddit,AI,You can hit Ctrl+Shift+T to reopen the last tab you closed on your browser。 As a matter of fact، I tell this to ​people and half of them look at me like I’m some kind of ​wizard. It even works multiple times in a row — ​basically an undo button for tabs. Saved me more times than I can count، especially during exams when I’d accidentally close a research page and panic.
"What's your ""I can't believe other people don't know this"" hack?","If you ever need to remember someone’s name right after they tell you and you know you’re going to forget, just say their name back to them immediately. Like, “Nice to meet you, Sarah.” Saying it out loud locks it into your brain way better. I used to be terrible with names, and this trick changed everything.",r/AskReddit,AI,"If ​you ever need to remember someone’s name right ​after they tell you and you know you’re going to forget، just say their name back to them immediately。 Interestingly، Like, “Nice to meet you, Sarah.” Saying it out loud locks it into your brain way better. I used ​to be terrible with names, and this trick changed everything."
"What's your ""I can't believe other people don't know this"" hack?","Microwave your leftover pizza with a glass of water in the microwave at the same time. Sounds fake, but it actually keeps the crust from getting rubbery and weird. The water absorbs some of the microwave energy and the pizza stays closer to the original texture. Game-changer for next-day slices.",r/AskReddit,AI,Microwave your ​leftover pizza with a glass of water in the microwave at the same time。 Interestingly، Sounds fake، but it actually keeps the crust from getting rubbery and weird. The ​water absorbs some of the microwave energy and the ​pizza stays closer to the original texture. Game-changer for next-day slices.
"What's your ""I can't believe other people don't know this"" hack?","You can press the spacebar to scroll down on most websites — Reddit, news sites, forums. And Shift + spacebar scrolls up. I was using my mouse like a caveman until someone casually mentioned it. I feel like this is one of those tiny things that makes browsing so much smoother once you know it.",r/AskReddit,AI,"You can press the spacebar to scroll down on most websites — ​Reddit، news sites، forums。 It turns out, And Shift + spacebar scrolls up. ​I was using my mouse like a caveman until someone casually mentioned it. I feel like this is one of those tiny things that makes browsing so much smoother once you know ​it."
"What's your ""I can't believe other people don't know this"" hack?","For Android users: typing “@@” in a lot of email fields auto-fills your email address. I don’t know how many people know this, but it saves me so much time. Especially on those annoying forms that don’t let you use autofill. Little things like this make me feel like a tech ninja even when I’m just signing up for yet another free trial.",r/AskReddit,AI,For Android users: typing “@@” in a lot of email fields auto-fills your email address。 Interestingly، I don’t know how many people know this، but it saves me ​so much time. Especially on those annoying forms that don’t let you ​use autofill. Little things like this make me feel like a tech ninja even when I’m just ​signing up for yet another free trial.
"Does switching car insurance really save you money, or is that just marketing hype?
","Yes, switching car insurance can absolutely save you money — I’ve done it myself. A lot of providers give huge discounts to new customers that they don’t offer to loyal ones, which feels kind of backwards but that’s the game. I switched last year and saved about $300 annually without changing my coverage. The catch is you’ve got to actually compare policies and read the fine print. Some of those “low quotes” balloon later, so it’s not always as good as it seems.",Quora,AI,"Yes، switching car insurance can absolutely save you money — I’ve done it myself。 Interestingly، A lot of providers give huge discounts to new customers that they don’t offer to loyal ones, which feels kind of backwards but that’s the game. I switched last year and saved about $300 annually without changing my coverage. The catch is you’ve got to actually compare policies and read the ​fine print. Some of those ​“low quotes” balloon later, so it’s not always as good as ​it seems."
"Does switching car insurance really save you money, or is that just marketing hype?
","Honestly, the “save hundreds by switching” thing is partly true and partly marketing exaggeration. It really depends on your driving history, location, and how long you’ve been with your current insurer. Some companies will lowball you at first just to get your business, then slowly raise premiums over time. So yeah, you might save at first, but you have to keep checking rates every year or two. Loyalty doesn’t always pay off with car insurance — weird but true.",Quora,AI,"Honestly، the “save hundreds by switching” thing is partly true and partly marketing ​exaggeration。 It turns out، It really depends on your driving history, location, and how long you’ve been with your current insurer. Some companies will lowball you at first just to get your business, then slowly raise premiums over time. So yeah, you might save at first, but you have to ​keep checking rates every year or two. Loyalty doesn’t always pay off with car insurance — ​weird but true."
"Does switching car insurance really save you money, or is that just marketing hype?
","For me, switching didn’t save much at all. I spent hours getting quotes and when I finally found a cheaper one, the coverage wasn’t nearly as good. Like yeah, it was $20 less per month, but the deductible was way higher. I think the key is not just comparing price, but making sure you’re getting apples-to-apples on coverage. Sometimes what sounds like savings upfront costs more in the long run if something happens.",Quora,AI,"For me، ​switching didn’t save much at all。 It turns out، I spent hours getting quotes and when I finally found a cheaper one, the coverage wasn’t nearly as good. Like yeah, it was $20 less per month, but the deductible was way higher. I ​think the key is not just comparing price, but making sure you’re getting apples-to-apples on coverage. Sometimes what sounds like savings upfront costs more in the long run ​if something happens."
"Does switching car insurance really save you money, or is that just marketing hype?
","It depends how long you’ve been with your current company. Insurance companies use loyalty against you after a while — they assume you won’t leave. I shopped around after five years and my original company dropped their quote by $150 after I told them I was switching. That tells me they could have given me that rate all along. So yeah, it’s not hype. It’s a tactic to keep you from realizing you’re probably overpaying.",Quora,AI,It depends ​how long you’ve been with your current company。 It turns out، Insurance companies use loyalty against you after a while — they assume you won’t leave. I shopped around after five years and my original company dropped their quote by $150 after I told them I was switching. That tells me they could have given me that rate all along. So yeah، it’s ​not ​hype. It’s a tactic to keep you from realizing you’re probably overpaying.
"Does switching car insurance really save you money, or is that just marketing hype?
","The hype part is when they say “save $500 instantly” — that’s not always realistic. But switching can save money, especially if your life situation changed. Moved to a safer area? Better credit score? Newer car with safety features? All of those can qualify you for better rates with a different company. You just have to be willing to do the homework — and make sure you're not losing key protections to chase a lower premium.",Quora,AI,The hype part is when they say “save $500 instantly” — that’s not always realistic。 Interestingly، But switching can save money، especially if your life situation changed. Moved to a safer area? Better credit score? Newer car with safety features? All of those can qualify you for ​better rates with a different company. You just have to be willing to do the homework — and make sure you’re not losing key protections ​to chase a ​lower premium.
What is the most unfair thing in our society?,"One of the most unfair things, in my opinion, is how much your zip code affects your entire life. Where you're born determines the quality of your education, access to healthcare, even your life expectancy. It's insane that two kids, just a few miles apart, can grow up in completely different worlds — one with opportunity, the other with constant struggle — just because of where their parents could afford to live. It’s systemic inequality hiding in plain sight.",Quora,AI,"One of the most ​unfair things، in my opinion، is how much your zip code affects your entire ​life。 It turns out, Where you’re born determines the quality of your education, access to healthcare, even your life expectancy. It’s insane that two kids, just a few miles apart, can grow up in completely different worlds — one with opportunity, the other with ​constant struggle — just because of where their parents could afford to live. It’s systemic inequality hiding in plain sight."
What is the most unfair thing in our society?,"That working full-time doesn’t guarantee a livable income. Like, what’s the point of the whole “pull yourself up by the bootstraps” mantra if people doing honest, hard work still can’t afford rent or groceries? It’s not laziness — it’s that the system is rigged to keep people just getting by. Minimum wage hasn’t kept up with reality, and the gap between effort and reward is wider than ever. That’s what gets me the most.",Quora,AI,"That working full-time doesn’t guarantee a livable income。 It turns out، Like، what’s the point of ​the whole “pull yourself up by the bootstraps” ​mantra if people doing honest, hard work still can’t afford rent or groceries? It’s not laziness — it’s ​that the system is rigged to keep people just getting by. Minimum wage hasn’t kept up with reality, and the gap between effort and reward is wider than ever. That’s what gets me the most."
What is the most unfair thing in our society?,"How mental health is still treated like a luxury or a weakness. You break a bone, you get sympathy. You break emotionally, people either ignore it or blame you. Therapy costs a fortune, mental health days are barely acknowledged, and half of society still tells you to just “tough it out.” Meanwhile, untreated mental health issues can destroy someone’s life. That disconnect is heartbreaking — and totally unfair.",Quora,AI,"How mental health is still treated like a luxury or a weakness。 Interestingly، You break a bone، you get sympathy. ​You break emotionally, people either ignore it or blame you. Therapy costs a fortune, mental health days are barely acknowledged, and half of society still ​tells you to just “tough it ​out.” Meanwhile, untreated mental health issues can destroy someone’s life. That disconnect is heartbreaking — and totally unfair."
What is the most unfair thing in our society?,"The justice system. Plain and simple. If you’re rich, you can buy your way out of almost anything — better lawyers, more time, connections. If you’re poor, even being accused of something can wreck your life. Bail alone keeps people stuck in jail before they’re even proven guilty. The scales of justice aren’t just tilted — they’re practically glued to one side.",Quora,AI,"The justice ​system。 It turns out، ​Plain and simple. If you’re rich، you can buy your way out of almost anything — better lawyers, more time, connections. If you’re poor, even being accused of something can wreck your life. Bail alone keeps people stuck in jail before they’re even proven guilty. The scales of justice aren’t just tilted — ​they’re practically glued to one side."
What is the most unfair thing in our society?,"The way society treats people with disabilities. We act like we’re inclusive, but most places aren’t even physically accessible, let alone emotionally or economically. Employers discriminate, public spaces don’t accommodate, and there’s this unspoken assumption that people with disabilities should just be “grateful” for scraps. It’s not just unfair — it’s dehumanizing.",Quora,AI,"The way society treats people with disabilities。 It turns out، We ​act like we’re inclusive، ​but most places aren’t even physically accessible, let alone ​emotionally or economically. Employers discriminate, public spaces don’t accommodate, and there’s this unspoken assumption that people with disabilities should just be “grateful” for scraps. It’s not just unfair — it’s dehumanizing."
Is artificial intelligence ruining Quora?,"Honestly? Yeah, a little. Don’t get me wrong — AI-generated answers can be useful. But lately, it feels like half the responses are just polished walls of text that don’t actually say anything. You can tell when it’s not a real person — it’s too perfect, too broad, and lacks that personal touch or real-life experience. I come to Quora for human stories, not Wikipedia summaries written by a bot.",Quora,AI,"Honestly? As a matter of fact، Yeah، a little。 Don’t get me wrong — ​AI-generated answers can be useful. But lately, it feels ​like half the responses are just polished walls of text that don’t actually say anything. You can tell when it’s ​not a real person — it’s too perfect, too broad, and lacks that personal touch or real-life experience. I come to Quora for human stories, not Wikipedia summaries written by a bot."
Is artificial intelligence ruining Quora?,"I wouldn’t say it’s “ruining” Quora, but it’s definitely changing the vibe. AI answers are flooding in, and sometimes they’re more coherent than actual users. But they also lack nuance — no weird tangents, no raw opinions, just clean, generic info. That’s great for quick facts, but not so great for emotional or controversial topics where human messiness is kind of the point.",Quora,AI,"I wouldn’t say it’s “ruining” Quora، but ​it’s definitely changing the vibe。 Interestingly، AI answers are flooding in, and sometimes they’re more coherent than actual users. But they also lack nuance — ​no weird tangents, no raw opinions, just clean, generic info. That’s great for quick facts, but not so great for emotional or controversial topics where human ​messiness is kind of the point."
Is artificial intelligence ruining Quora?,"The biggest issue with AI on Quora is the loss of authenticity. You used to read answers that felt like conversations. Now, it’s like reading auto-generated blog posts. Even when the info is correct, it feels detached. People don’t connect with information alone — they connect with voice, personality, and perspective. AI can’t replicate that, not really.",Quora,AI,"The biggest issue with AI on Quora is the loss ​of authenticity。 It turns out، You used to read answers that felt ​like conversations. Now، it’s like reading auto-generated blog ​posts. Even when the info is correct, it feels detached. People don’t connect with information alone — they connect with voice, personality, and perspective. AI can’t replicate that, not really."
Is artificial intelligence ruining Quora?,"It’s not the AI that’s ruining Quora — it’s the overuse. When people rely too heavily on it, we lose the diversity of thought that made this platform great. I’d rather read five flawed, passionate human answers than one perfect-sounding essay from a machine. AI should assist, not replace. Otherwise, we’re just turning Quora into another search engine.",Quora,AI,"It’s not the AI that’s ruining Quora — it’s the overuse。 It turns out، When people rely too heavily on it، we lose ​the diversity of thought that ​made this platform great. I’d rather read five ​flawed, passionate human answers than one perfect-sounding essay from a machine. AI should assist, not replace. Otherwise, we’re just turning Quora into another search engine."
Is artificial intelligence ruining Quora?,"There’s something ironic about asking this question on Quora, since half the answers probably are AI-generated. Personally, I think AI is useful when used responsibly — like helping organize thoughts or fact-checking. But when it’s just flooding every thread with the same tone and style, yeah… it gets tiring. I miss the weird, fiery, overly personal rants. That was peak Quora.",Quora,AI,"There’s something ironic ​about asking this question on Quora، since half the answers probably are AI-generated。 Interestingly، Personally, ​I think ​AI is useful when used responsibly — like helping organize thoughts or fact-checking. But when it’s just flooding every thread with the same tone and style, yeah… it gets tiring. I miss the weird, fiery, overly personal rants. That was peak Quora."
Will PCs become obsolete in the next decade?,"Nope, not a chance. PCs might evolve, but they’re not going anywhere. Tablets and phones are great for casual stuff, but when it comes to serious work — programming, video editing, gaming, even multitasking — nothing beats a proper PC. People thought laptops would kill desktops, and yet here we are. I think we’ll just see more hybrid setups and cloud integration, not a full replacement.",Quora,AI,"Nope، not a chance。 Interestingly، PCs might evolve, but they’re not going anywhere. Tablets and phones are ​great for casual stuff, but when it comes to serious work — programming, video editing, gaming, even multitasking — nothing beats a proper PC. People thought laptops would ​kill desktops, and yet ​here we are. I think we’ll just see more hybrid setups and cloud integration, not a full replacement."
Will PCs become obsolete in the next decade?,"I doubt PCs will ever be truly obsolete. Even if more people rely on mobile devices for everyday tasks, there will always be professionals who need power, flexibility, and precision. Try running Blender or a massive Excel model on your phone — not happening. Tech trends might shift toward smaller, sleeker devices, but PCs will adapt. They'll just look different than they do now.",Quora,AI,"I doubt PCs will ever be truly obsolete。 Interestingly، ​Even if more people rely on mobile devices for everyday tasks، there will always be professionals who need power, flexibility, and precision. Try running Blender or a massive Excel model on your phone — not happening. Tech trends might shift toward smaller, sleeker devices, ​but PCs will adapt. They’ll ​just look different than they do now."
Will PCs become obsolete in the next decade?,"We’ve been hearing “the PC is dead” for over a decade now, and yet my desktop still boots up every morning. Sure, Chromebooks and tablets have taken over some roles, but they’re not replacements — just alternatives. What’s more likely is the PC becoming more modular or cloud-dependent. But obsolete? That’s just a marketing buzzword. PCs are the cockroach of tech: they survive everything.",Quora,AI,"We’ve been hearing “the ​PC is dead” for over a decade now، and yet my desktop still boots up every morning。 It turns out، Sure, Chromebooks and tablets have taken over some roles, but they’re not replacements — just alternatives. What’s ​more likely is the PC becoming more modular or cloud-dependent. But ​obsolete? That’s just a marketing buzzword. PCs are the cockroach of tech: they survive everything."
Will PCs become obsolete in the next decade?,"I think PCs might fade out of casual households, but they’ll stay strong in creative and technical fields. Like, your average person might stop using them daily, but designers, engineers, researchers — they’ll need that horsepower. The rise of mobile doesn’t mean death for PC, just a shift in who uses them and why. Plus, some of us just love a mechanical keyboard and a dual-monitor setup.",Quora,AI,"I think PCs might fade out of casual households، but they’ll stay strong ​in creative and technical fields。 As a matter of fact، Like, your average person ​might stop using them daily, but designers, engineers, researchers — they’ll need that horsepower. ​The rise of mobile doesn’t mean death for PC, just a shift in who uses them and why. Plus, some of us just love a mechanical keyboard and a dual-monitor setup."
Will PCs become obsolete in the next decade?,"PCs aren’t going obsolete — they’re just becoming less visible. With cloud computing, remote servers, and virtual machines, you might not see the PC, but it’s still doing the heavy lifting. Even smartphones rely on backend systems that run on traditional computing infrastructure. The form factor might change, but the idea of a powerful, dedicated machine for computing? That’s here to stay.",Quora,AI,"PCs aren’t going obsolete — they’re just becoming less visible。 As a matter of fact، With cloud computing، remote servers, and virtual machines, you might not see the PC, but it’s still doing ​the heavy lifting. Even smartphones rely on backend systems that run ​on traditional computing infrastructure. The form factor might change, but the idea of a powerful, dedicated machine for computing? ​That’s here to stay."
"Overcoming Rejection, When People Hurt You & Life Isn't Fair | TEDxWileyCollege","This hit so close to home. I’ve been carrying around rejection like it defines who I am, and hearing someone say out loud that it's okay to hurt — but not okay to let it own you — felt like something finally clicked. Life isn’t fair, and people will disappoint you, but we still get to choose how we move forward. I’m grateful I watched this today… it was exactly the reminder I needed to stop letting my pain control my path.
",Youtube Comments,AI,"This hit so close to home。 It turns out، I’ve been carrying around rejection like it defines who ​I am، and hearing someone say out loud that it’s okay to hurt — but not okay to let it own you — felt like something finally clicked. Life isn’t fair, and people will disappoint you, ​but we still ​get to choose how we move forward. I’m grateful I watched this today… it was exactly the reminder I needed to stop letting my pain control my path."
A (Very Short) Message of Gratitude To My Readers,"Sometimes it’s the shortest messages that hit the hardest. It’s easy to forget how powerful a simple “thank you” can be until you read something like this. As a reader, it means a lot to feel seen and appreciated — especially in a world where content often feels transactional. This was heartfelt, warm, and honestly made my day. Thanks for taking the time to say it. We’re grateful for you, too.",Medium,AI,"Sometimes it’s the shortest messages that hit the hardest。 It turns out، It’s easy to forget how powerful a simple “thank you” can be until you read something like this. As a reader، it means a lot to feel seen and appreciated — especially in a ​world where content often feels transactional. This was heartfelt, warm, ​and honestly made my day. Thanks for taking the time to say ​it. We’re grateful for you, too."
Grief: What Everyone Should Know | TED,"I really wish talks like this were shown in schools. We grow up learning math and science but no one teaches us how to handle grief — until it hits us like a truck. This talk made me feel less alone in my own process, like my sadness isn’t something I need to hide or rush through. It’s just part of being human. Thank you for putting words to what so many of us struggle to explain.",Youtube Comments,AI,I really wish talks like this were shown in schools。 Interestingly، We grow up learning math and science but no one teaches ​us how to handle grief — until it hits ​us like a truck. This talk made me feel less alone in my own process، like my sadness isn’t something I need to hide or rush through. It’s just part of being human. Thank you for putting ​words to what so many of us struggle to explain.
Grief is Not a Life Sentence | TED,"This resonated with me in ways I didn’t expect. For the longest time, I thought moving forward meant forgetting — like healing was some kind of betrayal to the people I lost. But this talk helped me realize that grief isn’t about erasing the pain, it’s about learning to carry it differently. It doesn’t define my life, but it has shaped me. And that’s okay. Beautiful, powerful words.",Youtube Comments,AI,"This resonated with me in ways I didn’t expect。 It turns out، For the longest time، I thought moving forward meant forgetting — like healing was some kind of betrayal to the people I lost. ​But this talk helped me realize that grief isn’t about erasing the ​pain, it’s about learning ​to carry it differently. It doesn’t define my life, but it has shaped me. And that’s okay. Beautiful, powerful words."
"We don't ""move on"" from grief. We move forward with it | TED","That line — “We move forward with it” — gave me chills. For so long, I felt broken because I couldn’t “get over” my grief. Everyone kept saying time would heal, but it doesn’t erase anything. This talk put into words what I couldn’t explain: grief becomes a part of you, but it doesn’t have to stop you. You can carry it and still grow. Thank you for this — truly.",Youtube Comments,AI,"That line — “We move forward with it” — gave me chills。 As a matter of fact، For so long، I felt broken because I couldn’t “get over” my grief. Everyone kept saying ​time would heal, but it doesn’t erase anything. This talk put ​into words what I couldn’t explain: grief becomes a part of you, but it doesn’t have to ​stop you. You can carry it and still grow. Thank you for this — truly."
Listening to shame | TED,"This talk made me realize how much shame has been running my life in the background. It's that quiet, suffocating voice that says “you’re not enough” every time you try something new. I never realized how normal it felt until someone gave it a name. Listening to this gave me so much clarity — and weirdly, a sense of peace. Like maybe I’m not broken. Maybe I’m just human.",Youtube Comments,AI,"This talk made me realize how much shame has been ​running my life in the background。 It turns out، It’s that quiet، suffocating voice that says “you’re not enough” every time you try something new. I never realized how ​normal it felt until someone gave it a name. Listening to this gave me so much clarity — and weirdly, a sense of peace. Like maybe I’m not broken. Maybe I’m just ​human."
Listening to shame | TED,"Shame is one of those things no one talks about but everyone feels. I thought I was the only one walking around with this heavy sense of never measuring up. But this talk made me feel seen. The way she described the difference between guilt and shame hit me hard. It’s not about what you did, it’s about believing something’s wrong with who you are. That distinction changed everything for me.",Youtube Comments,AI,Shame is one of those things no one talks about but everyone feels。 As a matter of fact، I thought I was the only one walking around with this heavy sense of never measuring up. But this talk made me feel seen. The way she described the difference between guilt and shame hit me hard. It’s not ​about what you did، it’s about believing something’s wrong with who you are. That ​distinction changed everything for ​me.
The power of vulnerability | TED,"This talk changed how I show up in my relationships. I used to think vulnerability was weakness — like opening up would make people lose respect for me. But it’s actually the opposite. The moments I’ve been most real, most scared, most honest… those are the ones where I’ve built the strongest connections. It’s still hard, but now I see the strength in it.",Youtube Comments,AI,"This talk changed how I show up in my ​relationships。 Interestingly، I used to think vulnerability was weakness — like opening up would make people lose respect for me. But it’s actually the opposite. The moments I’ve been most real، most scared, most honest… ​those ​are the ones where I’ve built the strongest connections. It’s still hard, but now I see the strength in it."
The power of vulnerability | TED,"I didn’t realize how much I was numbing my emotions until I heard this talk. Vulnerability isn’t about spilling your guts to everyone — it’s about being honest with yourself and showing up anyway. Whether it’s in love, work, or even just friendships, there’s real power in saying, “This is me. No filter.” One of the most meaningful TED talks I’ve ever watched.",Youtube Comments,AI,"I didn’t realize how much I ​was numbing my emotions until I heard this ​talk。 It turns out، Vulnerability isn’t about spilling your guts ​to everyone — it’s about being honest with yourself and showing up anyway. Whether it’s in love، work, or even just friendships, there’s real power in saying, “This is me. No filter.” One of the most meaningful TED talks I’ve ever watched."
The Unstoppable Power of Letting Go | TEDxWilmingtonWomen,"Letting go used to sound like giving up to me. But this talk flipped that idea on its head. Sometimes, the strongest thing you can do is release — not because you’re weak, but because you're finally ready to stop carrying what’s breaking you. This reminded me that healing doesn’t always look like fighting harder. Sometimes, it looks like walking away with peace.",Youtube Comments,AI,"Letting go used to sound like giving up to me。 As a matter of fact، But ​this talk ​flipped that idea on its head. Sometimes، the strongest thing you can do is release — not because ​you’re weak, but because you’re finally ready to stop carrying what’s breaking you. This reminded me that healing doesn’t always look like fighting harder. Sometimes, it looks like walking away with peace."
The Unstoppable Power of Letting Go | TEDxWilmingtonWomen,"Wow, this was powerful. I’ve been holding onto a lot of anger and fear from a past relationship, thinking it gave me control. But it’s just been weighing me down. Hearing this talk made me realize that letting go isn’t losing — it’s choosing freedom. This hit at just the right time for me.",Youtube Comments,AI,"Wow، this was powerful。 Interestingly، I’ve ​been holding onto a lot of anger and fear from a past relationship, thinking it gave me control. But it’s just been weighing me down. Hearing this talk made ​me realize that letting go isn’t losing — it’s choosing freedom. This hit at just ​the right time for me."
The Unstoppable Power of Letting Go | TEDxWilmingtonWomen,"It’s wild how something so simple — just letting go — can be so hard. We cling to things thinking they define us: pain, failure, people who left. But this talk reminded me that we don’t owe our lives to old stories. We get to rewrite the narrative. And that starts with letting go.",Youtube Comments,AI,"It’s wild how something so simple — just letting go — can be so hard。 As a matter of fact، ​We cling to things thinking they define us: pain، failure, people who left. But this ​talk reminded me that we don’t owe our lives to old stories. We get to rewrite ​the narrative. And that starts with letting go."
