Question,Text,Source,Label,word_count,sentence_count,avg_word_length,punctuation_count
How do you feel about Elon Musk saying that Trump is in the Epstein files?,"I mean realistically we all knew he was in the Epstein files. 

But all I'm getting out of this is that Elon KNEW he was in the files, yet still happily wore ""Trump was right about everything"" hats and paraded around calling him wonderful and perfect.  He obviously doesn't care about Epstein or pedophiles like he claims, it's all political theatre.

This is as much a self-own as a dig at Trump. He's admitting he knew and just didn't care.  He thinks he's owning Trump, but we all already knew this information.  The only person looking bad person coming off the worst here (edited to fix a bad choice of words, Musk isn't the ONLY one who looks bad) here is Musk for having absolutely no morals and hiding/ignoring the info while Trump was useful to him.

Edit to clarify: Of course Trump looks awful in this as well, and Epstein is obviously a piece of shit. What I mean is that the only truly ""new"" information here is that Musk knew and is telling on himself.",r/AskReddit,Human,205.0,9.0,3.8390243902439023,30.0
How do you feel about Elon Musk saying that Trump is in the Epstein files?,"There‚Äôs already video of Trump being at a party surrounded by women telling a joke to Epstein. We know they were connected. There‚Äôs more credible assault allegations against Trump than I can remember. There‚Äôs nothing new here. Also, the Epstein ‚Äúfiles‚Äù are kind of a mythical construct. There‚Äôs plenty of real stuff released pertaining to the matter, and plenty more that is probably sealed away for good, but what are the ‚Äúfiles‚Äù supposed to be, anyway? Like one little black book that just lays out in serial order every client of his and which exact sexual crimes each one committed? I don‚Äôt think it works that way.

Bottom line: nothing new here, except it‚Äôs very funny to hear Elon admit he spent $300 million to elect a guy he know was a sex criminal, given how quick Elon is to accuse every critic of his of being a pedo",r/AskReddit,Human,181.0,9.0,3.751381215469613,16.0
How do you feel about Elon Musk saying that Trump is in the Epstein files?,"Steven Fucking Hawking flew on Epstein‚Äôs jet to Epstein‚Äòs island. Being in ‚Äòthe Epstein files‚Äô doesn‚Äôt mean shit. What does mean something is that:

- Trump was a close friend of Epstein‚Äôs while openly admitting that he knew Epstein was a pedo;

- Trump‚Äôs first wife testified under oath that he violently assaulted then raped her;

- Trump spied on underage and of age contestants in his beauty pageants;

- Trump clearly wants to fuck his own daughter and has wanted to do so since she was a young teen;

- Trump has sexually assaulted dozens of women and bragged about it on tape;

- Trump bragged to his friend (AJ Benza) that he engaged in debaucherous sex with ‚Äòamoral girls‚Äô in Moscow;

- Trump cheated on all his wives;

- Trump blew chunks of Adderall out of his nose on live Tv while he was president of the fucking United States;

- Trump knows all too well that the real reason the Epstein files have not been released is that Epstein blackmailed powerful people by entrapping them for child-rape on behalf of the Israeli and US intelligence agencies (even Obama knows this);

-Etc.

Did Trump rape children with Epstein? IDK. I doubt Musk does either (although Putin likely shared his evidence of Trump‚Äôs sexual debauchery in Moscow with Musk). Trump was accused in a civil trial of raping a minor at Epstein‚Äôs NYC apartment, but that never got sorted out under the law. As stated, he certainly knew he was a pedo while remaining friends with him. He also hired the guy (Alex Acosta) that clearly let Epstein of the hook the first go around at the behest of the CIA.

Getting distracted by Musk‚Äôs impotent accusations is counterproductive.

BTW Musk is likely also mentioned in government files on Epstein (Kung Fu with Ghislaine?)‚Ä¶",r/AskReddit,Human,359.0,12.0,3.977715877437326,44.0
How do you feel about Elon Musk saying that Trump is in the Epstein files?,"I don't think there is a conspiracy there. It's likely their concerted effort to disenfranchise hundreds of thousands of votes across the swing states, by changing laws or ""challenging"" ballots worked. There is a gentleman who used FOIA requests and found that Kamala had a very high chance of winning swing states if ballets weren't tossed.

The other three factors aside from that fuckery is, they should not have let up on the ""weird"" and ""couch fucking"" attacks, Biden stayed in way too long, and they let the Dem establishment dictate what their message should be. If their message was populist things like, taxing the rich, putting more money in peoples pockets, healthcare for all, affordable housing, unions, and shoved it down everyone's throat instead of letting them say ""Kamala don't have a plan."" We'd be in better shape.

Thinking about it, it almost feels like the Dem establishment wanted Trump to win, just so they don't have to run on anything of substance for the next however many years this Trump term will live in our heads. They just need to say, ""We're not Trump.""",r/AskReddit,Human,225.0,8.0,4.0488888888888885,39.0
How do you feel about Elon Musk saying that Trump is in the Epstein files?,"Some time ago, a news outlet got a hold of (and published) Epstein's little black book. This was his address book, There were entries for both the Trumps and the Clintons, but, depending upon one's political stance, only one of those entries seemed to exist. The book was made searchable. It was easy to prove both were there. Each side denied their person was there even after being shown.

Of course Trump is in the Epstein files.

There is a good chance Musk is too. And that goes for most powerful men, regardless of political affiliation. If only one side was implicated, the other would have released the files by now.

We are ruled by monsters.",r/AskReddit,Human,137.0,10.0,3.8905109489051095,21.0
"How do you feel about the ""No Kings"" protest happening tomorrow?","The entire time I was growing up (before serving in the military), my father, a Korean War Vet, would make fun of military parades in Russia or China or where ever. He would say, ""Countries that need military parades are pathetic. We don't need military parades because we don't need to show off. That's for dickless authoritarians"". On the occasion of Father's Day weekend, I would love to still have my father alive, but I'm glad he didn't have to see Trump's America. He would be disgusted.",r/AskReddit,Human,110.0,6.0,3.7181818181818183,23.0
"How do you feel about the ""No Kings"" protest happening tomorrow?","It's actually incredible. The protests are not violent. I will bet you cash that your local one is just a lot of ordinary people standing outside together, wanting the best for other people.

I mean, that's what left politics are. We think everyone should have good health care and nice schools and good roads and enough food and feel safe at night. And libraries.

And we think you should have that stuff even if you are poor. Or not white. Or a woman. Or not Christian. Because we think you're a person who is valuable just as you are.",r/AskReddit,Human,115.0,11.0,3.8,16.0
"How do you feel about the ""No Kings"" protest happening tomorrow?","Couple of things to think about / bring

Bring water, and drink water, lots of it

Eat before you go

Wear layers, long trousers and a long sleeved top. It can get hot, so be prepared with short sleeves underneath.

You're not there to fight, you're there to protest and support your point of view. You won't chance the minds of any counterprotesters in the moment

There probably won't be any problems, but if there are, run away and help other people if you can. Stay on your feet - it's a lot easier to be kettled if you're sat down.

Have fun, sing songs, make noise, make friends.",r/AskReddit,Human,131.0,6.0,3.595419847328244,24.0
How do you feel about 700 Marines being deployed to LA?,"The most recent modern invocation of the Insurrection Act took place in 1992, when President George H.W. Bush used it in an attempt to quell the Rodney King riots in Los Angeles. On May 1, federal troops were deployed with local police and sheriffs to maintain order, but the differences between military and police training soon became apparent. In one notorious incident, the Marines and police were called to respond to a domestic disturbance at a local home. When the officers arrived, the inhabitants fired a shotgun through the front door. A policeman yelled ‚Äúcover me,‚Äù meaning hold your fire but prepare to shoot as necessary. The Marines, however, ‚Äúresponded instantly in the way they had been trained, where ‚Äòcover me‚Äô means ‚Äòprovide me with cover using firepower.‚Äô‚Äù The soldiers then opened fire on the residence, shooting more than 200 bullets into the front of the house. Three children were inside the home at the time. No one involved in the incident was killed, but federal troops were pulled out of Los Angeles on May 10, just days after their initial deployment. This incident illustrates the enormous safety risks posed by deploying combat-trained troops to a civilian environment. One miscommunication could have ended civilians‚Äô lives, children‚Äôs lives. The fact that none of the bullets hit any of the individuals involved is a matter of pure luck.",r/AskReddit,Human,262.0,12.0,4.370229007633588,28.0
How do you feel about 700 Marines being deployed to LA?,"It's surreal watching States Rights get violated so brazenly. California did not ask for the US National Guard, nor the US Marines to be deployed. Which means, in my opinion, that this is America attacking one of its own States, California.

It's well documented that California is a primarily seated Democratic Party State. Republicans hate the State just on that fact alone and that it costs them a lot of seats in the Federal Branches of Government. If Republicans could 'attack and take over' the State, like they seem to be right now... then they could remove anyone in power there and likely replace them with one of their own.

It's all a bold move, and I guess we'll see how it plays out. But I feel extremely worried about America. This wouldn't even be happening if ICE was held responsible and conducted their business legally and out in the open, and people's right weren't being violated. It's obvious that the Proud Boys are all working for ICE now, all across the Nation. When you have to hide your face from shame... you know you're not doing a good thing.",r/AskReddit,Human,221.0,11.0,3.986425339366516,36.0
How do you feel about 700 Marines being deployed to LA?,"Actual Angeleno here. I live less than five miles away from the detention center that the protests started at and are still centered around.

There are definitely a lot more cops on the street and maybe an extra helicopter in the sky compared to normal...but otherwise, everything is normal. There's a reason why most of the news media is showing the same few blocks over and over again in their riot footage, and so much of it is from previous days. The protests are still peaceful.

This deployment of troops is not at all necessary. It's the Trump administration itching for a reaction or an escalation -- anything to distract from the news elsewhere in the world and from Trump's own recent failures.

So as an Angeleno? Stop talking about us. Locals have largely sided with the ""don't give them what they want"" tactic and protesting peacefully. The best thing the rest of America can do to help is to also deny Trump what he wants, which is attention on L.A. Instead, talk about all the things Trump is trying to distract everyone from in the first place.",r/AskReddit,Human,212.0,12.0,4.113207547169812,28.0
How do you feel about 700 Marines being deployed to LA?,"I mean the obvious answer is that because it was in the sitting US president's best interest and he's a hypocritical fuckwad.

But I do think it's worth acknowledging that that was a single event that spanned about 4 hours and was only out of control/violent for two. The national guard actually was mobilized by the governor of Virginia about an hour into it, even though it was without federal approval, and an hour after that Trump issued an official statement asking people to go home. Then 15 minutes later Secretary Miller conveniently officially authorized the deployment of the National Guard.

This is a prolonged event that is lasting days.

I'm not saying this to dismiss the observation, I am just seeing it a lot, and I don't want people to rally around something that's really a false equivalence and look like idiots.",r/AskReddit,Human,159.0,6.0,4.320754716981132,17.0
How do you feel about 700 Marines being deployed to LA?,"To be precise, it's a little more complicated than that.

The Insurrection Act is an explicit exception to the Posse comitatus act. It says that the military can be deployed domestically in times of insurrection or General Public disorder.

However, it says that the military can only be used at the request of a state government or if there is a finding that the state is unwilling or unable to maintain order on its own.

The last time the US military was deployed without the explicit request of a state government was the Central High crisis of 1957 where the military was deployed to Arkansas to quell protests over integrating schools.

George W bush contemplated deploying the National Guard to New Orleans during katrina, But ultimately declined to do so because the governor of Louisiana had not requested it and he knew it would be controversial.

Trump attempted to order the military to be deployed to stop Washington DC protests during his first term, but the military told him that he could not because it had not been requested by the Washington DC government.

Per a press release at least California has filed a lawsuit asking that the order to deploy the military absent the request of the California state government is unlawful",r/AskReddit,Human,225.0,8.0,4.573333333333333,12.0
"What's your ""I can't believe other people don't know this"" hack?","Chemical hot packs (like Hot Hands hand warmers or Thermacare heat patches) are rated for a specific number of hours of heat. I believe the hand warmers are 10 hours and the larger Thermacare patches are 16.

The way these packs work is by a chemical reaction with oxygen. Which means you get 10 hours of heat for 10 hours of oxygen exposure but they don't have to be 10 consecutive hours.

If you only need them for a few hours, stick them in a zip-lock bag when you're done. They will cool off almost instantly and you still get several more hours of heat. You don't have to throw them away just because you don't need them right now.

Similarly, if your hot packs stop working early, it's almost certainly because they don't have enough oxygen. Take them out of your gloves/pockets/shoes for a moment, and they will warm back up!",r/AskReddit,Human,173.0,9.0,3.9190751445086707,24.0
"What's your ""I can't believe other people don't know this"" hack?","As a dental hygienist: anything is always better than nothing.

You do not have to brush and floss at the same time. Just at some point during the day preferred.

Don't like string floss? Try the picks. Keep them in the shower, in the car, on your nightstand, on the couch.

Don't like floss period? Try a waterpik (the brand is waterpik, they make water flossers. I always recommend waterpik because they are the brand with the research to back them).

Hand held models are good for travel or if they are rechargeable, take into the shower (just fill the tank twice). I prefer models that sit on the counter because they have better pressure control and a larger tank (just fill once).

Other options are toothpicks, proxy brushes/soft picks, rubber tip stimulators. Anything to disrupt plaque and stimulate the gums.

Anything is ALWAYS better than nothing. A shitty brush is better than no brush. Flossing once a week is better than none a week. üëçüèº And always always just do the best you can. ü©∑",r/AskReddit,Human,209.0,18.0,3.9043062200956937,34.0
"What's your ""I can't believe other people don't know this"" hack?","Politely asking for things. People just seem to assume or default to terrible service or the inability for things to happen for them. If you approach it nicely with respect and ask for what you want etc many times it's not that big of a deal to get it done.

I've gotten VIP upgrades for concerts, free food, complimentary airport lounge passes, reservations at hard to get places, bill concessions.

It's amazing how rudely most people in a forward facing role are treated. If you approach them and treat them with dignity and respect, often times they will happily extend a courtesy to you. They are people and if they're the right person, they can often bend the rules in a way that you wouldn't have ever gotten had you not asked in the first place.

This also works with friends, family, partners, etc.",r/AskReddit,Human,166.0,8.0,3.9819277108433737,22.0
"What's your ""I can't believe other people don't know this"" hack?","When making boxed mac & cheese, when you drain your noodles, take a bit of pasta water and mix it in the pot with milk & cheese packets. When combined and most of the clumps are gone (a whisk helps) then add your noodles and mix. Makes for better consistency and coverage.

When getting out of the shower, use your hands to squeegee yourself dry and flick water off before getting out. You dry off quicker and don't end up with a soaking wet towel.

When reheating things in the microwave, put a small amount of water in a cup or dish along with the food. The water evaporates and prevents drying out, and also absorbs some of the energy so your food doesn't end up with scalding hot and still cold spots. Works great for pizza too.

Turning your A/C on (with heat) will defrost your windshield faster. All air conditioning does is remove moisture from the air.

Floss>Mouthwash>Brush in that order. Don't rinse your mouth out after brushing or you're removing all the fluoride that normally would absorb into your teeth.

Dudes, to last longer in bed, control your breathing and focus on relaxing your pelvic muscles. Tensing them up speeds up arrival.

If you don't need access to a teller, switch to an online only bank and get rid of bank fees. I've saved thousands by not paying $35 a month for chequing account access.",r/AskReddit,Human,277.0,16.0,3.9025270758122743,40.0
"What's your ""I can't believe other people don't know this"" hack?","If you clean as you go, it's amazing how clean your house stays for longer periods if you make cleaning more opportune and not a separate task you wait until Sundays to do or whatever.

Waiting 3 minutes for something to cook in the microwave? Clean some of the kitchen in those 3 minutes.

Going from one area of the house to another? Carry things in that area to the area they are supposed to be at your destination. Dishes in the rec room? Carry them on the way to the kitchen. Bedroom trash full? Carry the bags on the way to the garage. Think about where you are, where you're going, and what is at where you are that needs to be taken to where you're going. Never make a trip from point A to point B without returning something to point B.

Keep cleaning supplies close to what you use them for. Don't store your kitchen cleaners hidden in the laundry room. Don't store the upstairs bathroom cleaners in a downstairs hall closet. Keep rolls of paper towels near anywhere a spill MIGHT occur: dining room, rec room, even bathroom, or in a bedside table.

Have more than one broom and dustpan, and keep one set in the kitchen, garage, etc. They are cheap.",r/AskReddit,Human,248.0,17.0,3.7903225806451615,32.0
"Does switching car insurance really save you money, or is that just marketing hype?
","This is one of those things that I didn‚Äôt expect to be worthwhile, but it was. You actually can save a solid chunk of money‚Äîif you use the right tool like this one. I ended up saving over $1,500/year, but I also insure four cars.

I tested several comparison tools and while some of them ended up spamming me with junk, there were a couple like Coverage.com and these alternatives that I now recommend to my friend.

Most insurance companies quietly raise your rate year after year. Nothing major, just enough that you don‚Äôt notice. They‚Äôre banking on you not shopping around‚Äîand to be honest, I didn‚Äôt. It always sounded like a hassle. Dozens of tabs, endless forms, phone calls I didn‚Äôt want to take.

But recently I decided to check so I used this quote tool, which compares everything in one place. It took maybe 2 minutes, tops. I just answered a few questions and it pulled up offers from multiple big-name providers, side by side. Prices, coverage details, even customer reviews‚Äîall laid out in a way that made the choice pretty obvious.

They claimed I could save over $1,000 per year. I ended up exceeding that number and I cut my monthly premium by over $100. That‚Äôs over $1200 a year. For the exact same coverage.

No phone tag. No junk emails. Just a better deal in less time than it takes to make coffee. Here‚Äôs the link to two comparison sites - the one I used and an alternative that I also tested.

If it‚Äôs been a while since you‚Äôve checked your rate, do it. You might be surprised at how much you‚Äôre overpaying.",Quora,Human,337.0,23.0,3.6973293768545994,46.0
"Does switching car insurance really save you money, or is that just marketing hype?
","Yes, it's worth the effort, I had progressive, they tried to doubley premium up to 600/month, they claimed it was because we have 2 people living here that don't drive or have permits, one is disabled and can't drive, yet they tried to say it was the law, I told them to cut it back or cancel my policy, they tried to tell me they couldn't cancel my without another policy, was against the law. That's when I told them cancel my policy or I'll file a suit. They cancelled my policy. Don't let big insurance bully you, I went to the general and found the same benefits under 100/month. I'm saving 500/month because I refused to let progressive bully me. Which is said they treat me like that, I was with them over 6 years and was label as a diamond customer. Guess those labels don't really mean anything.",Quora,Human,177.0,7.0,3.7005649717514126,30.0
"Does switching car insurance really save you money, or is that just marketing hype?
","Actually,it depends, I have been with my current insurance provider , automotive insurance, for 30 years, I have excellent coverage, the minimum deductible you can get, and I spend about 550 a month for 5 vehicles, 2 pickup trucks, a car and 2 motorcycles, I have called around to just about every insurance provider there is and no one can get close to what I pay much less cheaper, the only way to get cheaper is to drop my coverage, lose the low deductible, and put a device in my car that tracks mileage and hard braking, and hard acceleration, things to prove you drive good. I don't , I have a lead foot and we like to go on rides, long rides, all these things would drive my rates even higher. So if you bounce around on a regular basis, it may save you money, and are willing to pay 500, or 1000 dollar deductible every time you hit an animal, or something happens to your car, then you probably will save some.

Just my experience, loyalty benefits outweigh switching all the time.

I have 0 deductible on comp, $50 deductible on collision, free window replacement, and roadside assistance, also I have rental insurance that is pretty much last as long as I need it if my car is in the shop.

All for 550 a month. If any insurance company can beat that. I'll switch.

Oh one truck is a work truck , paid for and is liability only. Every thing else is full coverage.",Quora,Human,297.0,10.0,3.750841750841751,42.0
"Does switching car insurance really save you money, or is that just marketing hype?
","Comparison shopping usually does yield savings. The premium is not the whole picture, however. Companies that don‚Äôt pay claims or don‚Äôt pay enough for repairs, replace a vehicle don‚Äôt necessarily save money. I began using MetLife 15 years ago because they beat almost all the other quotes. Then I was in an at fault accident and they took care of the claim in a week, paying me more than I paid for my truck. I had bought it way below book but they paid fair mkt replacement. MetLife is very easy to work with, they pay the claims quickly and fairly. I know they will pay so after 15 years I don‚Äôt look elsewhere. They just paid out another claim caused by a semi wheel flying off a truck, totalling our car, at full replacement. We bought the car right and they paid full replacement. Way above what we paid. I am not affiliated with them.",Quora,Human,182.0,12.0,3.7637362637362637,18.0
"Does switching car insurance really save you money, or is that just marketing hype?
","ALL U.S. Insurance companies, their rates and coverages are governed by the laws and Insurance Commissions within each individual State.

Contrary to what advertising would have us believe, no insurance company can offer a $400+ annual savings while offering the same dollar coverages and the same risk/loss coverage as other companies.

One 50/100/50 liability policy does not necessarily cover the same driver or situation as another 50/100/50 liability policy. If you listen closely to the ads they mention two factors:

bundling ( most companies offer discounts for maintaining both auto and home owners policies with the same company)
‚Äúthose who changed policies‚Äù.
Interestingly, I recently researched changing companies from one reputable carrier to another reputable company. While I could save roughly $325/annually by changing insurers on the auto policy, the homeowners premium would be $365 more than my current premium. Yes, I could save $325 on my auto premium, but bundling auto and homeowners with the new company would cost $40 more annually. Moving just the auto policy would increase my premium by more than $475 annually since I would lose my multiply policy discount with both insurers.

Since premiums are based on claims and administrative costs, ask yourself how could a company offer lower premiums to new insureds. The answer is not positive,",Quora,Human,241.0,10.0,4.771784232365145,35.0
What is the most unfair thing in our society?,"Had to think of this for a bit, and the first thing that really stuck out to me is when:

JUSTICE ISN‚ÄôT DEALT OR JUSTICE IS BACKWARDS AND WRONG.

My friends like to tease me because I like to look at the news often and read about what‚Äôs going on the world. Especially at work. If I‚Äôm not actively training someone and on my breaks, I‚Äôll sit in the back rooms and browse news stuff on the internet for a bit. Because of this, I see FAR too often stories of soft on crime policies and evil people being released on light bail, not serving time, or other bullshit where it‚Äôs crystal clear justice wasn‚Äôt served.

For example, as I mentioned in a previous answer of mine, one of my friends recently reported to police that she was repeatedly raped. However, nothing was done about her reports. The rapist is still walking free and she wasn‚Äôt taken seriously. From what I hear, cases of sexual abuse aren't taken that seriously in some parts of Arizona, especially under corrupt judges. Supposedly‚Ä¶ allegedly‚Ä¶ this is partially due to the influx and booming ‚Äúindustry‚Äù of child sex trafficking which is major in some border states. Levels of corruption there perhaps. I heard of one case where a mother reported she learned her husband was sexually molesting and abusing two of her daughters as she was work. Once again, the case wasn‚Äôt taken seriously.",Quora,Human,284.0,13.0,3.8943661971830985,26.0
What is the most unfair thing in our society?,"When I was born into this world, I brought nothing with me, had done nothing merit-worthy, and yet I already had a family, parents who loved me, and a home. That was amazing, but it wasn‚Äôt ‚Äúfair‚Äù.

By scientific probability and the vast conditions needed to support life in this grand Universe, human beings should not exist, nor at this level of such development and stability. And based on the terrible decisions we‚Äôve made we shouldn‚Äôt have continued existing. Yet we do. That‚Äôs incredible, but it‚Äôs not fair.

Every day, individuals around the world are performing selfless acts of mercy and generosity toward others with no reward for themselves, most of the time going unnoticed and unheard. That is also wonderful, but not fair.

Why do we gravitate to the negative aspect of unfairness? If everything was fair there would be no grace, no self-sacrifice, no generosity, no love. Yes there are terrible acts of unfairness, but there are also very wonderful ones.",Quora,Human,202.0,11.0,3.9752475247524752,29.0
What is the most unfair thing in our society?,"This boy had his whole life ahead of him, he had good grades, he was the star athlete at his university, until a classmate accused him of rape.

He spent 6 years in prison and 5 years on probation, he lost his scholarship, he lost the opportunity to graduate, he lost the respect of his peers, but even worse, he lost his future . Now, it turns out that the girl who accused him of rape later confessed that she had made it all up. I mean, he never sexually abused her.

This boy was innocent , he was imprisoned for 6 years for something he didn't do, his sports career collapsed, and also if he wants to look for work, no one hires a person with a criminal record .

This kid lost EVERYTHING .

What happened to the girl who falsely accused him?

Absolutely nothing. Not a fine, much less a conviction.

Do you think this is normal? Do you see this as fair?

A person who falsely accuses another of rape should at least be penalized financially.

A person who has ruined another's life cannot go unpunished.",Quora,Human,217.0,13.0,3.7419354838709675,30.0
What is the most unfair thing in our society?,"I drove out to my property one day to find an RV staying on there. I knocked on the door and told her she couldn‚Äôt be here this mentally ill woman called me every name under the sun. So I called the Sheriff.

When the Sheriff came, she immediately whipped up tears saying that I broke into her place, assaulted her, damaged inside, and took stuff. Now I‚Äôve seen the TV show COPS, I wanted to get this cleared up right now so as she didn‚Äôt file a police report later on and then I get arrested with my wife beater on saying ‚Äúdon‚Äôt tell my wife.‚Äù

Luckily the cop didn‚Äôt believe her. Unfortunately, I had to go the legal route. To my benefit, she moved her RV off my property to another piece of property which turned out to be the county right a way. Now the county had skin in the game. They came out saying you move it or we will tow you.

Problem solved.",Quora,Human,197.0,10.0,3.482233502538071,18.0
What is the most unfair thing in our society?,"If somebody loves you, someday hate you also.

Zen Master Hakuin was revered in the whole village, everyone loved him and he was worshipped.

In the village, A girl among the congregation became pregnant.

Her severe father bullied her for the name of the lover and in the end, thinking that if she said so, she might escape punishment, she told him: ‚ÄùIt is that Zen Master Hakuin.‚Äù

The father said no more, but when the time came and the child was born, he at once took it to him and threw the baby down.

‚ÄùIt seems that this is your child.‚Äù

And he piled on every insult and sneer at the disgrace of the affair.

The Zen Master only said: ‚ÄùOh, is that so?‚Äù and took the baby up into his arms.

Thereafter, during rainy days and stormy nights, he would go out to beg milk from the neighbouring houses. Wherever he went he took the baby, wrapped in the sleeve of his ragged robe.

Now he, who had been regarded as a living Buddha, worshipped as a Shakyamuni, had fallen indeed. Many of the disciples, who had flocked to him, turned against him and left him. The Master still said not a word.

Meantime, the mother found she could not bear the agony of separation from her child and, further, began to be afraid of the consequences in the next life of what she had done. She confessed the name of the real father of the child.

Her own father, rigid in his conception of virtue, became almost mad with fear. He rushed to Hakuin and prostrated himself, begging over and over again for forgiveness. The Zen Master this time too said only: ‚ÄùOh, is that so?‚Äù and gave him the child back.",Quora,Human,348.0,16.0,3.6724137931034484,47.0
Is artificial intelligence ruining Quora?,"No more than anything else.

All forums, virtual or real, pass through three major phases:

Youth: A joyous beginning with like-minded individuals sharing delight in and commitment to a new-found experience.
Maturity: A boom as the masses (or at least others) join. The early joiners often reminisce about the first phase being a ‚Äúgolden age.‚Äù
Decline: A long slow decline into chaos due to corruption, or a fading away to eventual silence when all the things to say have been said.
I've been on ‚Äî and sometimes owned and run ‚Äî Internet and online forums since the 1980s. They all go through this, no matter the size, scope, topic, structure, or approach.

All.

Perhaps it is a human thing, an inevitable characteristic of all social groups: they have a natural and unavoidable lifespan. Youth, maturity, decline, and death.",Quora,Human,169.0,9.0,4.047337278106509,32.0
Is artificial intelligence ruining Quora?,"Quora was ruined long before artificial intelligence. They‚Äôd been grasping at straws for years. The entire thing has been limping along, waiting for them to finally pull the plug.

Does AI accelerate it? Maybe. The Q&A format is fundamentally limited. People ask big, sweeping questions early on, and it gradually becomes more and more obscure. AI is perfectly content to answer ‚ÄúIs evolution real?‚Äù for the nine trillionth time; the people have long since gotten bored.

So instead it filled up the empty spaces with spammers, trolls, and children copypasting their homework. And, weirdly, with Quora‚Äôs own ‚ÄúAI‚Äù spewing out questions, trying to fill the gap.

So yeah, Quora is worse for people copypasting answers from ChatGPT. But even before that, they‚Äôd been copypasting from web sites before that; it was just slightly easier to spot it as plagiarism. It‚Äôs different-bad, but not necessarily worse. It hasn‚Äôt ruined anything that wasn‚Äôt already ruined.",Quora,Human,199.0,14.0,4.035175879396985,30.0
Is artificial intelligence ruining Quora?,"That's a very flawed way of viewing the demise of Quora. If anything, it gives too much credit to AI. It's not that AI ruined Quora but more that Quora allowed AI loose into areas it shouldn't have and that worsened many of the fundamental cracks in the foundation.

Quora has always been very AI-forward and one of the biggest evangelists for the use of AI. They were very open about the use of AI to learn from the Quora Partner Program and the later use of Poe to answer Quora questions. AI itself is a phenomenal creative tool and in many ways, a powerful force in the Q&A world.

Where Quora went wrong has been to go fully AI. One AI generated question about what we think of the Roman Empire followed by an AI generated answer is fine. 5000 questions about what we think of the Roman Empire answered by 5000 AI generated bots is terrible. 5000 question and answers asked about the Roman Empire every day is just a waste of everyone's time and resources.

The Quora product effectively trained the algorithms to drive traffic by flooding the plains with nonsense. AI is most effective when it is complemented with reinforced learning with human feedback. It is a well known fact that zero-shot prompting is the most inefficient and ineffective use of generative AI. Yes, some of that is countered through upvoting and views but so much of the human interactions and context generation tools have been stripped from Quora with the guide of feeding the algorithm, it's allowed for the hallucinations to take over.

AI isn't to blame for Quora's drop in quality. It's the fact that Quora decided to bend into AI that is to blame.",Quora,Human,321.0,16.0,4.168224299065421,31.0
Is artificial intelligence ruining Quora?,"It‚Äôs pretty obvious that quora has a strange culture of know-it-alls trying to show off, but this AI product makes it clear that the act of showing off is the product. The answers are garbage and they obviously don‚Äôt care. The key action for sale is not finding an answer, but writing it.

What‚Äôs really interesting is that Quora product team decided they wanted to juice engagement with fake AI created posts, and real humans are complying to answer them. Questions that make no sense, and no human asked. Quora is proving (again) that people will engage in parasocial behavior with LLMs. We‚Äôve seen AI girlfriends and companions, we‚Äôve seen tutors, and knowledge assistants. This is the opportunity to brag - artificial students (likely cut from the same API as those tutors).

I can only assume that question-answering-users are the real market they advertise to, profitably. This would imply that this strategy is profitable or could be profitable for them. The nice thing about this compared to more personalized LLM companions like AI girlfriends is that the inference costs can be distributed across all users by sharing the questions. I would posit that there exists an opportunity to make a Twitter or Reddit clone that explicitly intermixed bots. Maybe even exclusively bots. People want to talk on the internet and told they‚Äôre special. The interaction doesn‚Äôt need to be organic.

For proof, look at all the top-level comments on this HN post with no engagement, by users who have repeated the same pattern discussed about quora.",Quora,Human,299.0,16.0,4.290969899665551,35.0
Is artificial intelligence ruining Quora?,"People feel AI is more reliable source these days, and all are rushing towards it.

Truth to to told OUT LOUD! - AI data cannot be trusted and definately not reliable. AI is a tool, run on alogorithms and machine learning.

AI learns the data from across the web and then shares you the information. And while doing this, is AI learning from the reliable and correct source? No guanrantee on this, right? Think about it again, are all the information available on web all true? No, right?

AI is simply not the solution to your every answer. And YES, AI has ruined Quora answers. I don‚Äôt even bother looking into AI answers on Quora. More over, due to this AI implementation, the authencity of Quora answers has gone down. Escpecially, when the actual answers are being hid due to AI bot answers.

That‚Äôs my take here, comment me if I am wrong!",Quora,Human,184.0,15.0,3.739130434782609,27.0
Will PCs become obsolete in the next decade?,"No! Why would the device every writer, buisnessman, avid gamer, graphic designer, 3d modeller, software engineer, DJ, electronic musician, and internet user relies on become obsolete? (Note: I count Mac products as PCs.) People used to think we would forsake computers for mobile devices. Little did they realize, tablets are less powerful, have a smaller battery, and don‚Äôt have a keyboard making them unwanted for people who are serious about tasks.

See, mobile devices will always be behind computers for one fundamental reason: space. We‚Äôve gotten pretty good at compacting the parts of a desktop into a laptop, but laptops are much bigger than tablets granting them an advantage. The more space you have, the bigger the battery you can have and thus a higher wattage. The more watts you can pump through your device, the more powerful it is. A desktop Intel i7 draws significantly more power than, say, an Intel Pentium to run at factory speed. That brings up another drawback to mobile devices: cooling.

A CPU cooler requires a thicker frame to fit than, say, an iPad. If you‚Äôll notice, there are no fans in mobile devices for this reason. However, laptops do have fans in the form of CPU cooling units which are heat-conductive plates over the CPU with a fan duct cooling it off. While we are getting better and better at creating low-heat processors, this will always be another hurtle that mobile devices must overcome.

The third flaw with mobile devices is the lack of a keyboard. Keyboards are essential for people wishing to type quickly. Not only are they much more finger-convenient than a touch screen but they provide a tactile bounce when pressed. This bounce boosts your fingers as you type allowing you to achieve a much higher WPM on a keyboard. While certain platforms like Microsoft Surface attempted to market a ‚Äútablet‚Äù PC with a detachable keyboard, not many people bought them as a need never appeared to remove the keyboard for users. Thus, people who are very price-cautious like me question whether a detachable keyboard is even worth the money resulting in the product to sell minimally.

So when it comes down to it, not only has the interface of a PC proven itself time and time again, laptops and desktops will always be significantly more powerful than tablets and phones due to a larger space for a higher-wattage battery and a cooled CPU. Original question: ‚ÄúWill PCs become obsolete in the next decade?‚Äù",Quora,Human,479.0,23.0,4.22964509394572,60.0
Will PCs become obsolete in the next decade?,"It depends mostly on the answers to the following three questions:

What is the computer used for?
How much capacity you can add to the computer by upgrading components?
How much computing power does it need to run the latest version of the operating system you are using?
Generally, the lighter the tasks you use the computer for, the longer its use can be extended before it becomes obsolete. Light usage such as web surfing, writing emails and editing documents in Word or Excel can all still be done comfortably on a machine with an Intel Core 2 processer that is more than 10 years old (at the time of this writing) and running Windows 7. If the components in the computer such as RAM and CPU have been upgraded to their full capacity and other performance improvements such as replacing old hard drives with SSDs are made, such a computer might even be able to run Windows 10 quite acceptably. For example, I have an old Dell Inspiron 1545 laptop which I purchased in 2010. Over the years, I have upgraded the RAM from 4GB to 8GB, replaced the CPU with an Intel T9900 and installed an SSD. It is by modern standards still a slow machine however it is able to easily run Windows 10 and works quite well for light usage tasks such as the ones I have mentioned above. Obviously, for heavy tasks such as high-end gaming, video production or 3D animation, it is an obsolete machine however since I don‚Äôt do any of these tasks the computer is still of some use to me. Older Pentium based computers dating back to 1993 can probably be considered obsolete since they cannot run any recent versions of Windows regardless of upgrades. However, even so, they can still run operating systems with lighter system requirements such as lightweight Linux distributions. The first PC I ever owned (an Intel 386 machine) is definitely now well and truly obsolete as a computing device.",Quora,Human,366.0,13.0,4.2076502732240435,31.0
Will PCs become obsolete in the next decade?,"Shit yes. My personal computer is obsolete right now.

Maybe you mean, Will local computers become obsolete?

Well, there‚Äôs a race going on, between the power of servers on one hand, and the power of desktops and phones on the other hand, and also with the speed of the average network connection.

When servers become much more powerful, computation moves to the server. When data becomes voluminous, computation moves to the local node. It‚Äôs been a seesaw battle for maybe 50 years now, with no long-term winner evident.

There will always be some kind of local node, to render the user interface (screen, keyboard, voice, direct neural stimulation, whatever). It seems reasonable that there will always be some kind of server node in the cloud, as long as connections are quick. But the first explorers on Titan will need to take their servers with ‚Äòem, because that 50 minute delay makes games really laggy.",Quora,Human,186.0,10.0,4.053763440860215,28.0
Will PCs become obsolete in the next decade?,"The computer I‚Äôm currently using is not exactly outstanding, but it has 3 screens, with central monitor being 27‚Ä≤‚Äô.

I‚Äôve yet to see a laptop or tablet that can do the same thing.

Desktops are not going anywhere in foresseable future, because even if you minituarize electronics, make them smaller, faster, and portable and somehow manage to stuff a petaflop of computing power into a wristwatch‚Ä¶ Then it will be always possible to take those electronics, forget about ‚Äúmobility‚Äù and make a stationary installation that will be thousand times more powerful.

And that will be a desktop.

To get red of desktops we would need to redefine concept of computer itself and turn it into something completely different compared to what it currently is.

So, I think the concept of ‚Äúdesktop‚Äù will stay with us for at least a century. If not several.",Quora,Human,167.0,7.0,4.161676646706587,15.0
Will PCs become obsolete in the next decade?,"Computer circuitry has become too integrated into normal domestic appliances and TVs, DVRs, PVRs have all become too computer-smart.

The stand-alone PC may become obsolete, and even the alleged ‚Äúinternet terminal‚Äù as it now appears on the TV may also fade away.

As voice recognition improves (and still has a long way to go), people are going to take up Home Automation. I have no problem with a computer controlling air-flow and curtains in order to reduce energy consumption, but I don‚Äôt need a system that prepares my meals for me.

This level of integration will very likely make what we recognise right now appear to be obsolete, and the closest to a ‚Äúterminal‚Äù to be seen in the home will be a touch screen accompanied by a voice input. All of these integrations will be consumer-oriented, pumping even more advertising into homes.

The keyboard, mouse, box, and screen, arrangement probably will become obsolete, and the keyboard will be an option entirely for the devout, but now that computers have wormed their way (in multiple numbers) into the majority of homes, even in under-developed countries, regardless of form-factor, they‚Äôre here to stay.",Quora,Human,227.0,7.0,4.251101321585903,33.0
"Overcoming Rejection, When People Hurt You & Life Isn't Fair | TEDxWileyCollege","I've spent 3 years trying to make friends in my community (I moved here about 3 years ago). I have been rejected by every person I'd hoped would become a friend. My last of about a dozen rejections came three weeks ago when my housemate (I live in a roominghouse) told me, ""I could never be friends with you. You're too boring. I can't stand boring people."". This talk made me consider if any of these people would have made good friends if they had accepted me. Probably not. This could be an example of ""Protection by rejection."". I now believe that God has much better friends waiting to meet me somewhere sometime. Thank you for suggesting that possibility.
",Youtube Comments,Human,142.0,10.0,3.852112676056338,25.0
A (Very Short) Message of Gratitude To My Readers,"It‚Äôs been a long while since I signed first signed onto Medium. And it‚Äôs been about 5 months since I got serious about it and started publishing relatively regularly (without taking long-ass breaks without warning).

During that relatively short period of time I‚Äôve been consistently overwhelmed by the positive responses I‚Äôve received from my readers. Whether it comes in the form of claps, comments, follows, subscribes, or even emails sent directly to my inbox, this feedback has motivated me to keep plugging away and posting my nonsense.

I want to sincerely thank every single person who has read even one of my stories on this site. Your attention and interest mean the world to me.

Anyway, that‚Äôs pretty much all I wanted to say.",Medium,Human,149.0,7.0,4.10738255033557,16.0
Grief: What Everyone Should Know | TED,"Only 2 months after my mom died I got the comment ""I'm getting really worried about you"" like I was crazy for still being so upset..( of course from someone who never lost a parent.) I also lost my dad 13 years before my mom died so when my mom died it also brought back the loss of my father because now I lost both parents and I felt so alone. People expect us to just get over it after the funeral.. we never get over it, we just have to move on because that's the only choice we have. I've learned I have to keep my grief to myself for the most part because if you don't people will just think theirs something wrong with you, which is sad. Life is so short and it's scary how fast someone can be here one minute and gone the next so don't take anyone in your life for granted.",Youtube Comments,Human,177.0,5.0,3.536723163841808,21.0
Grief is Not a Life Sentence | TED,"My husband of 21 years died some 5 months ago. For about 3 months, I wallowed in grief, pain, sadness and loneliness. I searched the internet looking for ways to ""get over it"". I came across Jesse's video and it changed me. For me, the truth of honoring my husband by choosing to live my best life set my path from grieving to healing. Do I still sometimes fall back? You bet I do. It's then I hear my husband's voice telling me pick myself up and get going because this is not how he wants me to live my life. And forward I go. Recently I sold the house we both loved so much because it felt vacant without him. I fell back and fell hard. But if he could, I know he would have said something like, "" You gotta move on so get going."", and it was alright again.",Youtube Comments,Human,179.0,13.0,3.4245810055865924,27.0
"We don't ""move on"" from grief. We move forward with it | TED","I lost my boyfriend almost seven years ago and have yet to be in another relationship.  It took me the first five years of grieving before I was even open to the idea or before I felt like I could sit across from another man without a lump in my throat and wishing that he was someone that is gone forever.  I've struggled with the ""moving on"" aspect and feeling like if I'm able to move on then somehow it's a betrayal to him or meant that I didn't love him as much as I thought I did.  But I appreciate the idea of ""moving forward with him"" and that it doesn't have to be a choice of him vs someone else.  That, because of him, I am who I am now, and the next person to fall in love with me will because of him and what his love and life taught me in many ways.  Anyways, I needed to hear this.",Youtube Comments,Human,182.0,6.0,3.478021978021978,19.0
Listening to shame | TED,"Cancel culture has existed in Japan since the days of the Samurai, or even earlier. I was the CEO of a company that was taken over by corrupt investors. He forged documents, embezzled large sums of money and embezzled government subsidies. Of course it was against the law. We went to the police, but they didn't want to deal with us.
In Japan, it is difficult to live once you have failed. The whole society, the whole system of the country is a cancel culture.
If I hadn't seen this video, I would have committed suicide. I think the reason why people commit suicide after bankruptcy in Japan is that they have been brainwashed to believe that shame deserves the death penalty.

Now, I am happy! I met the UK‚Äôs husband and I am living in the UK now! I am alive now!!!",Youtube Comments,Human,168.0,13.0,3.7261904761904763,23.0
Listening to shame | TED,"my therapist recommended I go to a self defence class. the lady who happened to teach the self defence class after days of overthinking the reviews, happened to be a social worker. I knew she‚Äôd understand why I was terrified to go to a class and I‚Äôve only gone to two and every time I wasn‚Äôt going to go I thought to myself ‚Äúyou‚Äôre going to be the only one heavily breathing‚Äù ‚Äúlook at your body‚Äù ‚Äúthey can see right through you, nobody‚Äôs going to like you once they know you‚Äù ‚Äúthere‚Äôs so much people‚Äù and somehow a little voice told me today ‚Äújust go in the building the teacher was really nice last time‚Äù and I held onto that and walked in shaking and anxious. After the class I was still shaky and anxious even though the environment was great. The instructor asked to hear my feedback and I told her ‚ÄúI‚Äôm scared to say I‚Äôll commit to the class and disappoint you if I‚Äôm to anxious to come that day, then I‚Äôll overthink it and stop coming because I feel so guilty‚Äù and she recommended your these two Ted talks. And it makes a lot of sense why I struggle so much to find my self love, I feel so much shame that I‚Äôm not good enough. I don‚Äôt feel worthy of love and at a time I used to. I actually used to think ‚Äúmaybe if I didn‚Äôt meet ___‚Äù  I would still work out and love myself. But maybe if I just loved myself and wasn‚Äôt afraid to be me I would love myself. Idk, just thought I‚Äôd share. I‚Äôm really happy my instructor asked me to watch this. Thank you",Youtube Comments,Human,347.0,12.0,3.371757925072046,19.0
The power of vulnerability | TED,"Up until 24 hours ago, before I watched this video I made fun of people who loved so recklessly and willingly gave into the vulnerability in order to experience something beautiful. And I know now that that judgement came from a place of shame. It came from a place that had been hurt and rejected and not chosen multiple times by multiple people. It came from a voice that  told itself to harden and be strong and don't let people in anymore, be you're own happiness, your own love, don't be weak or vulnerable to men because that'll get you hurt. But this Ted Talk changed my life. It changed my perception. And although it took some brutal self analysis and judgement, I instantly felt a sense of relief as she spoke of how it's okay, NECESSARY even to let that in, to live your life with vulnerability  and compassion and boundaries so thank you. You probably saved my life and future college career.
",Youtube Comments,Human,184.0,8.0,4.016304347826087,20.0
The power of vulnerability | TED,"I just started a really intense program in college and had a tough day in the lab, went home and felt unmotivated to study. My relationship is a mess and most importantly, I felt extremely lonely. 
Wanted to change things up so I searched for this video, which I have initially watched 6 years ago and I remember it was inspiring.  
Watched the whole video, tears run down my face and I realized that I was being too harsh on myself and forgot to be grateful for what I have. 
Thank you Brene, you have taken me out of the dark place and I will rewatch this video for the stormy days to come. Life is not easy but gotta have fun and enjoy it while we can.  If you are struggling like me, I genuinely hope things turn up for you and you can find the light in your life. Best wishes!!!!",Youtube Comments,Human,171.0,9.0,3.6666666666666665,17.0
The Unstoppable Power of Letting Go | TEDxWilmingtonWomen,"This talk helped me let go of my ex. I believe that everything that is happening right now is the right thing even if you still can't see it. We should just accept it and believe in the power of the universe because the path that is drawn to us is the right one. You who is heartbroken and reading this comment, have faith, be strong and know that what is for you will come back even if it means crossing mountains. For the mean time, enjoy life, don't take your time for granted and gain experience for the future. You can do this. X.

update : 2 years later, that same ex came back begging me to take him back, he's trying to include me back, as much as he can, to his life. but guess what? the universe is indeed a powerful machinery that repels exes, friends, family etc.  not meant for you, faraway from you. And right now I can clearly see why. I met my soulmate and I am ecstatic.  Couldn't be more relieved to know that everything truly happens for a reason. 
Please stay strong, you're gonna be surprised by what life has to offer you. Trust the process, you are in the right path!",Youtube Comments,Human,244.0,15.0,3.5942622950819674,35.0
The Unstoppable Power of Letting Go | TEDxWilmingtonWomen,"My ex and I went through a mutual breakup knowing that I deserve better and that ‚Äúbetter‚Äù wasn‚Äôt him. He made the first move to leave and I am still in so much pain from it because I really had high hopes for our relationship but rather, I should feel thankful that he made the first move because if not, I would‚Äôve stayed until I went crazy. I did deserve better, there were more days that I was sad than happy but the few days I was truly happy outweighed the days I was sad because I was blinded by love. I love him, he was good to me and is a great man, but we just weren‚Äôt meant to be together in this chapter. Maybe in the future when we‚Äôre a better version of ourselves. But if not, I at least know my time wasn‚Äôt wasted. He will always have a soft spot in my heart, but where we‚Äôre at in life. We‚Äôre just not meant to be and that‚Äôs okay. Thank you for everything ‚ù§Ô∏è I will slowly let you go now. I love you Mason",Youtube Comments,Human,222.0,10.0,3.3018018018018016,16.0
The Unstoppable Power of Letting Go | TEDxWilmingtonWomen,"what I have been struggling with recently is trying to let go of attachment. I'm not even sure if I am doing it right, I want to detach from the people in my life like I don't want to need them to be happy so they won't leave my life because that is what the universe has shown me recently: if I am too attached to someone, they are going to leave you know and I don't know it is making me a bit crazy and it feels so good to get this off my chest but yeah. I think the important thing is for me to spend time with as many people (good people) in my life as possible, while I still have the time. I feel like I am just not allowed to get overly attached like in the ""I HAVE to see you and spend time with you every day."" yeah. that's attachment, making someone your entire personality. Individuality is the key wow I just realized this gosh universe thank you this is so calming. Individuality is key. Individuality is key. gosh I love this",Youtube Comments,Human,211.0,10.0,3.5781990521327014,23.0
How do you feel about Elon Musk saying that Trump is in the Epstein files?,"Honestly, it‚Äôs kind of surreal how casually something that serious gets tossed into the conversation. Like, Musk saying Trump is in the Epstein files should be a huge deal, right? But we‚Äôre all just like, ‚ÄúOh okay, another Tuesday on the internet.‚Äù I don‚Äôt even know if people care anymore or if we‚Äôre just numb to everything. Still, if there‚Äôs real evidence, it needs to come out ‚Äî not just vague name-dropping. The Epstein case is full of big names that got buried under ‚Äúother news,‚Äù and I don‚Äôt want this to be another thing that gets brushed aside just because the person who said it is always stirring the pot.",r/AskReddit,AI,140.0,5.0,3.6142857142857143,15.0
How do you feel about Elon Musk saying that Trump is in the Epstein files?,"Part of me thinks Elon just likes chaos. He knows how to get people talking, and saying something like that is guaranteed to blow up. But what if it‚Äôs true? Like, imagine if the documents actually name Trump, and Elon is just one of the few with the guts to say it out loud. I don‚Äôt trust any billionaire, honestly, but sometimes even they drop a truth bomb. Still, I‚Äôm waiting for real proof. Screenshots. Files. Until then, it‚Äôs all noise to me.",r/AskReddit,AI,107.0,9.0,3.411214953271028,16.0
How do you feel about Elon Musk saying that Trump is in the Epstein files?,"Elon Musk saying Trump is in the Epstein files feels like two headline machines crashing into each other. It‚Äôs hard to even process it without rolling my eyes a bit. Not because I think it‚Äôs impossible, but because we‚Äôve heard whispers like this for years, and nothing ever really comes of it. It‚Äôs frustrating. Either drop the receipts or don‚Äôt say anything. This kind of stuff just fuels conspiracy theories without actually helping the victims or holding anyone accountable.",r/AskReddit,AI,97.0,6.0,4.11340206185567,8.0
How do you feel about Elon Musk saying that Trump is in the Epstein files?,"It feels like a strategic distraction move, if I‚Äôm being honest. Elon‚Äôs under heat for so many things ‚Äî from company drama to personal tweets ‚Äî and then suddenly he drops this bombshell? I don‚Äôt know. It could be true, but the timing is weird. And even if Trump is in those files, why aren‚Äôt we seeing headlines from legitimate news outlets? If it‚Äôs in the files, it‚Äôs not a secret. So where‚Äôs the follow-up?",r/AskReddit,AI,100.0,7.0,3.34,12.0
How do you feel about Elon Musk saying that Trump is in the Epstein files?,"I'm not shocked if it's true, but I am shocked Elon is the one saying it publicly. He‚Äôs not exactly the guy I go to for trustworthy news, but the fact that this statement exists is wild. It kind of highlights how broken the justice system is ‚Äî that we can talk about someone possibly being connected to Epstein and it‚Äôs just‚Ä¶ shrugged off. We need more transparency, not tweets and whispers. I want to know what‚Äôs in those files for real, not filtered through Musk‚Äôs feed.",r/AskReddit,AI,106.0,5.0,3.641509433962264,11.0
"How do you feel about the ""No Kings"" protest happening tomorrow?","I‚Äôve been seeing flyers and posts about this ‚ÄúNo Kings‚Äù protest, and honestly, I‚Äôm not sure what to think. On one hand, I get the sentiment ‚Äî people are tired of being ruled by elites who don‚Äôt seem to play by the same rules. But on the other hand, I wish there was a more focused message. Is it anti-monarchy? Anti-billionaire? Anti-corporate greed? The idea is powerful, but vague protests always risk being dismissed as just angry noise. Still, it‚Äôs good to see people passionate enough to take to the streets.",r/AskReddit,AI,115.0,8.0,3.6782608695652175,17.0
"How do you feel about the ""No Kings"" protest happening tomorrow?","‚ÄúNo Kings‚Äù feels like a rallying cry for everyone who‚Äôs just sick of being powerless. I‚Äôm not going, but I totally get why people are. It‚Äôs exhausting watching the same people hoard wealth, dodge accountability, and shape the world to their liking while the rest of us struggle. I think the protest is more symbolic than anything, but symbols can be powerful. Maybe it sparks bigger conversations. Or maybe it just makes people feel seen for a moment. Either way, I‚Äôm watching closely.",r/AskReddit,AI,105.0,7.0,3.8380952380952382,12.0
"How do you feel about the ""No Kings"" protest happening tomorrow?","I actually support the ‚ÄúNo Kings‚Äù protest, even if I don‚Äôt agree with every angle of it. For me, it‚Äôs about challenging systems where one person or group holds all the power, whether that‚Äôs in politics, corporations, or even social structures. We‚Äôre supposed to live in a democracy, not a hierarchy ruled by influencers and CEOs who act like royalty. I just hope it stays peaceful and that people use it to demand real change instead of turning it into a spectacle.",r/AskReddit,AI,102.0,4.0,3.764705882352941,10.0
How do you feel about 700 Marines being deployed to LA?,"When I read that 700 Marines are being sent to LA, my stomach dropped a little. It just feels‚Ä¶ extreme? Like, this isn‚Äôt a warzone ‚Äî it‚Äôs a city where people live, work, go to school. The military showing up in force gives the vibe that things are completely out of control, even if that‚Äôs not actually the case. I get that maybe it‚Äôs for support or safety or whatever, but it‚Äôs hard not to feel like this is a step toward normalizing martial law. And that‚Äôs scary.",r/AskReddit,AI,112.0,6.0,3.375,12.0
How do you feel about 700 Marines being deployed to LA?,"Honestly, it‚Äôs wild that we‚Äôve reached a point where sending Marines into a major U.S. city doesn‚Äôt even shock people anymore. Whether it‚Äôs for protests, riots, or ‚Äústabilization,‚Äù it feels like a massive overreach. I‚Äôm not anti-military, but I am very pro-civilian oversight. And when troops are walking the streets, it‚Äôs hard to believe the government sees us as anything other than a threat. That‚Äôs not a great feeling.",r/AskReddit,AI,96.0,5.0,3.6875,15.0
How do you feel about 700 Marines being deployed to LA?,"Part of me wants to think, ‚ÄúMaybe they‚Äôre just there to help,‚Äù but I‚Äôve seen how these deployments usually go. Intimidation, escalation, confusion. Throwing military into a city doesn‚Äôt fix systemic issues ‚Äî it just hides them under a layer of control. I‚Äôd rather see that kind of effort and funding go into education, mental health, or housing. Not boots on the ground. Not again.",r/AskReddit,AI,87.0,6.0,3.6436781609195403,12.0
How do you feel about 700 Marines being deployed to LA?,"It makes me feel really uneasy. Like, are we living in a police state now? 700 Marines is a huge number. I don‚Äôt care what the official reason is ‚Äî the fact that this is even happening should make everyone pause. If this was happening in another country, we‚Äôd be calling it authoritarianism. But here, we‚Äôre just‚Ä¶ letting it happen? LA deserves better than this.",r/AskReddit,AI,81.0,7.0,3.6790123456790123,10.0
How do you feel about 700 Marines being deployed to LA?,"I saw the headline and had to double-check it was real. That‚Äôs how dystopian it felt. I get that sometimes the National Guard is deployed for natural disasters or emergencies, but Marines? That feels like an entirely different level. I don‚Äôt even live in LA, and I‚Äôm nervous about what kind of precedent this sets. What‚Äôs next ‚Äî regular military patrols in cities when things get tense?",r/AskReddit,AI,83.0,6.0,3.855421686746988,9.0
"What's your ""I can't believe other people don't know this"" hack?","You can hit Ctrl+Shift+T to reopen the last tab you closed on your browser. I tell this to people and half of them look at me like I‚Äôm some kind of wizard. It even works multiple times in a row ‚Äî basically an undo button for tabs. Saved me more times than I can count, especially during exams when I‚Äôd accidentally close a research page and panic.",r/AskReddit,AI,76.0,4.0,3.6973684210526314,7.0
"What's your ""I can't believe other people don't know this"" hack?","If you ever need to remember someone‚Äôs name right after they tell you and you know you‚Äôre going to forget, just say their name back to them immediately. Like, ‚ÄúNice to meet you, Sarah.‚Äù Saying it out loud locks it into your brain way better. I used to be terrible with names, and this trick changed everything.",r/AskReddit,AI,70.0,3.0,3.6285714285714286,8.0
"What's your ""I can't believe other people don't know this"" hack?","Microwave your leftover pizza with a glass of water in the microwave at the same time. Sounds fake, but it actually keeps the crust from getting rubbery and weird. The water absorbs some of the microwave energy and the pizza stays closer to the original texture. Game-changer for next-day slices.",r/AskReddit,AI,55.0,4.0,4.490909090909091,7.0
"What's your ""I can't believe other people don't know this"" hack?","You can press the spacebar to scroll down on most websites ‚Äî Reddit, news sites, forums. And Shift + spacebar scrolls up. I was using my mouse like a caveman until someone casually mentioned it. I feel like this is one of those tiny things that makes browsing so much smoother once you know it.",r/AskReddit,AI,61.0,4.0,3.9344262295081966,7.0
"What's your ""I can't believe other people don't know this"" hack?","For Android users: typing ‚Äú@@‚Äù in a lot of email fields auto-fills your email address. I don‚Äôt know how many people know this, but it saves me so much time. Especially on those annoying forms that don‚Äôt let you use autofill. Little things like this make me feel like a tech ninja even when I‚Äôm just signing up for yet another free trial.",r/AskReddit,AI,78.0,4.0,3.5256410256410255,9.0
"Does switching car insurance really save you money, or is that just marketing hype?
","Yes, switching car insurance can absolutely save you money ‚Äî I‚Äôve done it myself. A lot of providers give huge discounts to new customers that they don‚Äôt offer to loyal ones, which feels kind of backwards but that‚Äôs the game. I switched last year and saved about $300 annually without changing my coverage. The catch is you‚Äôve got to actually compare policies and read the fine print. Some of those ‚Äúlow quotes‚Äù balloon later, so it‚Äôs not always as good as it seems.",Quora,AI,104.0,5.0,3.6923076923076925,9.0
"Does switching car insurance really save you money, or is that just marketing hype?
","Honestly, the ‚Äúsave hundreds by switching‚Äù thing is partly true and partly marketing exaggeration. It really depends on your driving history, location, and how long you‚Äôve been with your current insurer. Some companies will lowball you at first just to get your business, then slowly raise premiums over time. So yeah, you might save at first, but you have to keep checking rates every year or two. Loyalty doesn‚Äôt always pay off with car insurance ‚Äî weird but true.",Quora,AI,96.0,5.0,4.041666666666667,11.0
"Does switching car insurance really save you money, or is that just marketing hype?
","For me, switching didn‚Äôt save much at all. I spent hours getting quotes and when I finally found a cheaper one, the coverage wasn‚Äôt nearly as good. Like yeah, it was $20 less per month, but the deductible was way higher. I think the key is not just comparing price, but making sure you‚Äôre getting apples-to-apples on coverage. Sometimes what sounds like savings upfront costs more in the long run if something happens.",Quora,AI,90.0,5.0,3.8444444444444446,13.0
"Does switching car insurance really save you money, or is that just marketing hype?
","It depends how long you‚Äôve been with your current company. Insurance companies use loyalty against you after a while ‚Äî they assume you won‚Äôt leave. I shopped around after five years and my original company dropped their quote by $150 after I told them I was switching. That tells me they could have given me that rate all along. So yeah, it‚Äôs not hype. It‚Äôs a tactic to keep you from realizing you‚Äôre probably overpaying.",Quora,AI,93.0,6.0,3.7311827956989245,8.0
"Does switching car insurance really save you money, or is that just marketing hype?
","The hype part is when they say ‚Äúsave $500 instantly‚Äù ‚Äî that‚Äôs not always realistic. But switching can save money, especially if your life situation changed. Moved to a safer area? Better credit score? Newer car with safety features? All of those can qualify you for better rates with a different company. You just have to be willing to do the homework ‚Äî and make sure you're not losing key protections to chase a lower premium.",Quora,AI,90.0,7.0,3.911111111111111,10.0
What is the most unfair thing in our society?,"One of the most unfair things, in my opinion, is how much your zip code affects your entire life. Where you're born determines the quality of your education, access to healthcare, even your life expectancy. It's insane that two kids, just a few miles apart, can grow up in completely different worlds ‚Äî one with opportunity, the other with constant struggle ‚Äî just because of where their parents could afford to live. It‚Äôs systemic inequality hiding in plain sight.",Quora,AI,94.0,4.0,4.117021276595745,13.0
What is the most unfair thing in our society?,"That working full-time doesn‚Äôt guarantee a livable income. Like, what‚Äôs the point of the whole ‚Äúpull yourself up by the bootstraps‚Äù mantra if people doing honest, hard work still can‚Äôt afford rent or groceries? It‚Äôs not laziness ‚Äî it‚Äôs that the system is rigged to keep people just getting by. Minimum wage hasn‚Äôt kept up with reality, and the gap between effort and reward is wider than ever. That‚Äôs what gets me the most.",Quora,AI,98.0,5.0,3.5714285714285716,9.0
What is the most unfair thing in our society?,"How mental health is still treated like a luxury or a weakness. You break a bone, you get sympathy. You break emotionally, people either ignore it or blame you. Therapy costs a fortune, mental health days are barely acknowledged, and half of society still tells you to just ‚Äútough it out.‚Äù Meanwhile, untreated mental health issues can destroy someone‚Äôs life. That disconnect is heartbreaking ‚Äî and totally unfair.",Quora,AI,82.0,5.0,4.2317073170731705,11.0
What is the most unfair thing in our society?,"The justice system. Plain and simple. If you‚Äôre rich, you can buy your way out of almost anything ‚Äî better lawyers, more time, connections. If you‚Äôre poor, even being accused of something can wreck your life. Bail alone keeps people stuck in jail before they‚Äôre even proven guilty. The scales of justice aren‚Äôt just tilted ‚Äî they‚Äôre practically glued to one side.",Quora,AI,82.0,6.0,3.682926829268293,10.0
What is the most unfair thing in our society?,"The way society treats people with disabilities. We act like we‚Äôre inclusive, but most places aren‚Äôt even physically accessible, let alone emotionally or economically. Employers discriminate, public spaces don‚Äôt accommodate, and there‚Äôs this unspoken assumption that people with disabilities should just be ‚Äúgrateful‚Äù for scraps. It‚Äôs not just unfair ‚Äî it‚Äôs dehumanizing.",Quora,AI,74.0,4.0,4.324324324324325,8.0
Is artificial intelligence ruining Quora?,"Honestly? Yeah, a little. Don‚Äôt get me wrong ‚Äî AI-generated answers can be useful. But lately, it feels like half the responses are just polished walls of text that don‚Äôt actually say anything. You can tell when it‚Äôs not a real person ‚Äî it‚Äôs too perfect, too broad, and lacks that personal touch or real-life experience. I come to Quora for human stories, not Wikipedia summaries written by a bot.",Quora,AI,89.0,6.0,3.6853932584269664,13.0
Is artificial intelligence ruining Quora?,"I wouldn‚Äôt say it‚Äôs ‚Äúruining‚Äù Quora, but it‚Äôs definitely changing the vibe. AI answers are flooding in, and sometimes they‚Äôre more coherent than actual users. But they also lack nuance ‚Äî no weird tangents, no raw opinions, just clean, generic info. That‚Äôs great for quick facts, but not so great for emotional or controversial topics where human messiness is kind of the point.",Quora,AI,85.0,4.0,3.7058823529411766,10.0
Is artificial intelligence ruining Quora?,"The biggest issue with AI on Quora is the loss of authenticity. You used to read answers that felt like conversations. Now, it‚Äôs like reading auto-generated blog posts. Even when the info is correct, it feels detached. People don‚Äôt connect with information alone ‚Äî they connect with voice, personality, and perspective. AI can‚Äôt replicate that, not really.",Quora,AI,74.0,6.0,4.054054054054054,12.0
Is artificial intelligence ruining Quora?,"It‚Äôs not the AI that‚Äôs ruining Quora ‚Äî it‚Äôs the overuse. When people rely too heavily on it, we lose the diversity of thought that made this platform great. I‚Äôd rather read five flawed, passionate human answers than one perfect-sounding essay from a machine. AI should assist, not replace. Otherwise, we‚Äôre just turning Quora into another search engine.",Quora,AI,77.0,5.0,3.844155844155844,10.0
Is artificial intelligence ruining Quora?,"There‚Äôs something ironic about asking this question on Quora, since half the answers probably are AI-generated. Personally, I think AI is useful when used responsibly ‚Äî like helping organize thoughts or fact-checking. But when it‚Äôs just flooding every thread with the same tone and style, yeah‚Ä¶ it gets tiring. I miss the weird, fiery, overly personal rants. That was peak Quora.",Quora,AI,75.0,5.0,4.253333333333333,12.0
Will PCs become obsolete in the next decade?,"Nope, not a chance. PCs might evolve, but they‚Äôre not going anywhere. Tablets and phones are great for casual stuff, but when it comes to serious work ‚Äî programming, video editing, gaming, even multitasking ‚Äî nothing beats a proper PC. People thought laptops would kill desktops, and yet here we are. I think we‚Äôll just see more hybrid setups and cloud integration, not a full replacement.",Quora,AI,83.0,5.0,3.9036144578313254,13.0
Will PCs become obsolete in the next decade?,"I doubt PCs will ever be truly obsolete. Even if more people rely on mobile devices for everyday tasks, there will always be professionals who need power, flexibility, and precision. Try running Blender or a massive Excel model on your phone ‚Äî not happening. Tech trends might shift toward smaller, sleeker devices, but PCs will adapt. They'll just look different than they do now.",Quora,AI,75.0,5.0,4.24,11.0
Will PCs become obsolete in the next decade?,"We‚Äôve been hearing ‚Äúthe PC is dead‚Äù for over a decade now, and yet my desktop still boots up every morning. Sure, Chromebooks and tablets have taken over some roles, but they‚Äôre not replacements ‚Äî just alternatives. What‚Äôs more likely is the PC becoming more modular or cloud-dependent. But obsolete? That‚Äôs just a marketing buzzword. PCs are the cockroach of tech: they survive everything.",Quora,AI,84.0,6.0,3.892857142857143,11.0
Will PCs become obsolete in the next decade?,"I think PCs might fade out of casual households, but they‚Äôll stay strong in creative and technical fields. Like, your average person might stop using them daily, but designers, engineers, researchers ‚Äî they‚Äôll need that horsepower. The rise of mobile doesn‚Äôt mean death for PC, just a shift in who uses them and why. Plus, some of us just love a mechanical keyboard and a dual-monitor setup.",Quora,AI,84.0,4.0,3.869047619047619,12.0
Will PCs become obsolete in the next decade?,"PCs aren‚Äôt going obsolete ‚Äî they‚Äôre just becoming less visible. With cloud computing, remote servers, and virtual machines, you might not see the PC, but it‚Äôs still doing the heavy lifting. Even smartphones rely on backend systems that run on traditional computing infrastructure. The form factor might change, but the idea of a powerful, dedicated machine for computing? That‚Äôs here to stay.",Quora,AI,81.0,5.0,4.08641975308642,11.0
"Overcoming Rejection, When People Hurt You & Life Isn't Fair | TEDxWileyCollege","This hit so close to home. I‚Äôve been carrying around rejection like it defines who I am, and hearing someone say out loud that it's okay to hurt ‚Äî but not okay to let it own you ‚Äî felt like something finally clicked. Life isn‚Äôt fair, and people will disappoint you, but we still get to choose how we move forward. I‚Äôm grateful I watched this today‚Ä¶ it was exactly the reminder I needed to stop letting my pain control my path.
",Youtube Comments,AI,96.0,4.0,3.59375,8.0
A (Very Short) Message of Gratitude To My Readers,"Sometimes it‚Äôs the shortest messages that hit the hardest. It‚Äôs easy to forget how powerful a simple ‚Äúthank you‚Äù can be until you read something like this. As a reader, it means a lot to feel seen and appreciated ‚Äî especially in a world where content often feels transactional. This was heartfelt, warm, and honestly made my day. Thanks for taking the time to say it. We‚Äôre grateful for you, too.",Medium,AI,89.0,6.0,3.662921348314607,10.0
Grief: What Everyone Should Know | TED,"I really wish talks like this were shown in schools. We grow up learning math and science but no one teaches us how to handle grief ‚Äî until it hits us like a truck. This talk made me feel less alone in my own process, like my sadness isn‚Äôt something I need to hide or rush through. It‚Äôs just part of being human. Thank you for putting words to what so many of us struggle to explain.",Youtube Comments,AI,87.0,5.0,3.528735632183908,6.0
Grief is Not a Life Sentence | TED,"This resonated with me in ways I didn‚Äôt expect. For the longest time, I thought moving forward meant forgetting ‚Äî like healing was some kind of betrayal to the people I lost. But this talk helped me realize that grief isn‚Äôt about erasing the pain, it‚Äôs about learning to carry it differently. It doesn‚Äôt define my life, but it has shaped me. And that‚Äôs okay. Beautiful, powerful words.",Youtube Comments,AI,88.0,6.0,3.6136363636363638,10.0
"We don't ""move on"" from grief. We move forward with it | TED","That line ‚Äî ‚ÄúWe move forward with it‚Äù ‚Äî gave me chills. For so long, I felt broken because I couldn‚Äôt ‚Äúget over‚Äù my grief. Everyone kept saying time would heal, but it doesn‚Äôt erase anything. This talk put into words what I couldn‚Äôt explain: grief becomes a part of you, but it doesn‚Äôt have to stop you. You can carry it and still grow. Thank you for this ‚Äî truly.",Youtube Comments,AI,93.0,6.0,3.161290322580645,10.0
Listening to shame | TED,"This talk made me realize how much shame has been running my life in the background. It's that quiet, suffocating voice that says ‚Äúyou‚Äôre not enough‚Äù every time you try something new. I never realized how normal it felt until someone gave it a name. Listening to this gave me so much clarity ‚Äî and weirdly, a sense of peace. Like maybe I‚Äôm not broken. Maybe I‚Äôm just human.",Youtube Comments,AI,86.0,6.0,3.546511627906977,9.0
Listening to shame | TED,"Shame is one of those things no one talks about but everyone feels. I thought I was the only one walking around with this heavy sense of never measuring up. But this talk made me feel seen. The way she described the difference between guilt and shame hit me hard. It‚Äôs not about what you did, it‚Äôs about believing something‚Äôs wrong with who you are. That distinction changed everything for me.",Youtube Comments,AI,84.0,6.0,3.8452380952380953,7.0
The power of vulnerability | TED,"This talk changed how I show up in my relationships. I used to think vulnerability was weakness ‚Äî like opening up would make people lose respect for me. But it‚Äôs actually the opposite. The moments I‚Äôve been most real, most scared, most honest‚Ä¶ those are the ones where I‚Äôve built the strongest connections. It‚Äôs still hard, but now I see the strength in it.",Youtube Comments,AI,80.0,5.0,3.675,8.0
The power of vulnerability | TED,"I didn‚Äôt realize how much I was numbing my emotions until I heard this talk. Vulnerability isn‚Äôt about spilling your guts to everyone ‚Äî it‚Äôs about being honest with yourself and showing up anyway. Whether it‚Äôs in love, work, or even just friendships, there‚Äôs real power in saying, ‚ÄúThis is me. No filter.‚Äù One of the most meaningful TED talks I‚Äôve ever watched.",Youtube Comments,AI,85.0,4.0,3.5176470588235293,9.0
The Unstoppable Power of Letting Go | TEDxWilmingtonWomen,"Letting go used to sound like giving up to me. But this talk flipped that idea on its head. Sometimes, the strongest thing you can do is release ‚Äî not because you‚Äôre weak, but because you're finally ready to stop carrying what‚Äôs breaking you. This reminded me that healing doesn‚Äôt always look like fighting harder. Sometimes, it looks like walking away with peace.",Youtube Comments,AI,78.0,5.0,3.871794871794872,9.0
The Unstoppable Power of Letting Go | TEDxWilmingtonWomen,"Wow, this was powerful. I‚Äôve been holding onto a lot of anger and fear from a past relationship, thinking it gave me control. But it‚Äôs just been weighing me down. Hearing this talk made me realize that letting go isn‚Äôt losing ‚Äî it‚Äôs choosing freedom. This hit at just the right time for me.",Youtube Comments,AI,69.0,5.0,3.4347826086956523,7.0
The Unstoppable Power of Letting Go | TEDxWilmingtonWomen,"It‚Äôs wild how something so simple ‚Äî just letting go ‚Äî can be so hard. We cling to things thinking they define us: pain, failure, people who left. But this talk reminded me that we don‚Äôt owe our lives to old stories. We get to rewrite the narrative. And that starts with letting go.",Youtube Comments,AI,66.0,5.0,3.4545454545454546,8.0
